Ligand,Source,SourceID,Affinity,TotalModes,SimScore,SMILES,MW,TPSA,HBD,HBA,RotB,LogP
mol_4343,PubChem,17993585,-7.172,9,0,[H]c1c([H])c(C([H])([H])[H])c2c(c1[H])C([H])([H])C([H])([H])C(C([H])([H])[H])(C([H])([H])[H])N2[H],175.28,12.03,1,1,3,3.13
mol_927,PubChem,68132629,-7.128,9,17,[H]C1=C([H])[C@@]2(C([H])=C([H])N([H])N2[H])N([H])c2c([H])c([H])c([H])c([H])c21,185.23,36.09,3,3,0,1.44
mol_3660,PubChem,156179482,-7.098,9,22,[H]c1c([H])c(C#N)c2c(c1[H])N([H])C(C([H])([H])[H])(C([H])([H])[H])C([H])([H])C2([H])[H],186.26,35.82,1,2,2,2.69
mol_3240,PubChem,84618808,-7.199,9,0,[H]c1c([H])c(C([H])([H])C([H])([H])[H])c2c(c1[H])C([H])([H])C([H])([H])C(C([H])([H])[H])(C([H])([H])[H])N2[H],189.3,12.03,1,1,4,3.39
mol_2168,PubChem,12065662,-7.016,9,22,[H]c1oc([H])c(-c2c([H])c([H])c([H])c3c([H])c([H])c([H])c([H])c23)c1[H],194.23,13.14,0,1,1,4.1
mol_3471,PubChem,25323475,-7.186,9,17,[H]c1oc([C@]2(C([H])([H])[H])C(=O)N(N([H])[H])C(=O)N2[H])c([H])c1[H],195.18,88.57,2,4,3,-0.08
mol_215,PubChem,68223469,-7.245,9,11,[H]C1=C([H])N([H])[C@@]2(C([H])=C1[H])c1nc([H])c([H])c([H])c1C([H])=C([H])C2([H])[H],196.25,24.92,1,2,0,2.37
mol_2305,PubChem,173192460,-7.14,9,22,[H]C1=C(C([H])([H])[H])C([H])([H])c2c([H])c([H])c([H])c(-c3c([H])oc([H])c3[H])c21,196.25,13.14,0,1,2,3.91
mol_3261,PubChem,10149067,-7.158,9,0,[H]c1c([H])c([H])c2c3c(c([H])c([H])c2c1[H])C([H])([H])C([H])([H])[C@]([H])(C([H])([H])[H])N3[H],197.28,12.03,1,1,1,3.59
mol_1499,PubChem,139406722,-7.131,9,17,[H]C1=[N+]([H])[C@@]([H])(c2nc3c([H])c([H])c([H])c([H])c3c([H])c2[H])N([H])N1[H],199.24,50.92,3,3,1,-0.55
mol_4902,PubChem,10081528,-7.162,8,0,[H]c1c([H])c([O-])c2c(c1[H])c([H])c([H])c1nn([H])c(=O)n12,200.18,73.22,1,3,0,0.25
mol_1387,PubChem,147796339,-7.18,9,0,[H]c1nc2c([H])c([H])c(C3=[N+]([H])N([H])N([H])N3[H])c([H])c2c([H])c1[H],200.23,62.95,4,4,1,-1.41
mol_2664,PubChem,85556526,-7.213,9,0,[H]c1nc2c([H])c([H])c(C3([H])N([H])N([H])N([H])N3[H])c([H])c2c([H])c1[H],201.23,61.01,4,5,1,0.35
mol_2686,PubChem,137698529,-7.145,9,39,[H]c1nc2c([H])c([H])c(C3([H])N([H])N([H])N([H])N3[H])c([H])c2c([H])c1[H],201.23,61.01,4,5,1,0.35
mol_3296,PubChem,89985845,-7.16,9,17,[H]O[N+]([H])=C(c1c([H])c([H])c([H])c2c1N([H])C([H])=C=C2C([H])([H])[H])N([H])[H],202.24,72.25,4,2,3,-0.2
mol_3012,PubChem,117193481,-8.029,9,0,[H]c1c([H])c(C([H])([H])[H])c2c(c1[H])C([H])([H])C([H])([H])[C@@](C(=O)[O-])(C([H])([H])[H])N2[H],204.25,52.16,1,3,3,0.86
mol_4843,PubChem,117193425,-7.628,9,33,[H]c1c([H])c(C([H])([H])[H])c([H])c2c1N([H])[C@](C(=O)[O-])(C([H])([H])[H])C([H])([H])C2([H])[H],204.25,52.16,1,3,3,0.86
mol_2480,PubChem,595775,-7.01,9,28,[H]c1c([H])c([O-])c2c(c1[H])C(=O)C([H])([H])[C@@]([H])(C(=O)[O-])N2[H],205.17,92.29,1,5,1,-1.12
mol_2835,PubChem,84620541,-7.22,9,0,[H]c1c2c(c([H])c3c1N([H])C(C([H])([H])[H])(C([H])([H])[H])C([H])([H])C3([H])[H])OC([H])([H])O2,205.26,30.49,1,3,2,2.55
mol_4421,PubChem,117193457,-7.626,9,28,[H]c1c([H])c2c(c([H])c1F)N([H])[C@](C(=O)[O-])(C([H])([H])[H])C([H])([H])C2([H])[H],208.21,52.16,1,3,2,0.69
mol_2203,PubChem,23370177,-7.112,9,28,[H]c1nc2c([H])c(C([H])([H])[H])c([H])c([H])c2c(-c2c([H])oc([H])c2[H])c1[H],209.25,26.03,0,2,2,3.8
mol_4126,PubChem,45791323,-7.008,9,17,[H]c1nc2c([H])c([H])c(C([H])([H])[H])c([H])c2c(-c2c([H])oc([H])c2[H])c1[H],209.25,26.03,0,2,2,3.8
mol_2676,PubChem,17993648,-7.237,9,0,[H]c1c([H])c2c(c(C([H])([H])[H])c1Cl)N([H])C(C([H])([H])[H])(C([H])([H])[H])C([H])([H])C2([H])[H],209.72,12.03,1,1,3,3.79
mol_4034,PubChem,56978309,-7.126,9,6,[H]c1c(Cl)c2c(c([H])c1C([H])([H])[H])C([H])([H])C([H])([H])C(C([H])([H])[H])(C([H])([H])[H])N2[H],209.72,12.03,1,1,3,3.79
mol_2426,PubChem,135753368,-7.063,9,22,[H]c1nc2c([H])c([O-])c([H])c([H])c2c(-c2c([H])oc([H])c2[H])c1[H],210.21,49.09,0,3,1,2.57
mol_2327,PubChem,69410840,-7.216,9,22,[H]C1=C(C(=O)[O-])N([H])c2c([H])c([H])c([H])c3c([H])c([H])c([H])c1c23,210.21,52.16,1,3,1,1.36
mol_4333,PubChem,119088209,-7.032,9,22,[H]c1nc([H])c2c([H])c([O-])c([H])c([H])c2c1-c1c([H])oc([H])c1[H],210.21,49.09,0,3,1,2.57
mol_3607,PubChem,103125071,-7.027,9,22,[H]c1nc2c(-n3c([H])c([H])[n-]c3=O)c([H])c([H])c([H])c2c([H])c1[H],210.22,48.99,0,2,1,1.34
mol_3315,PubChem,103125069,-7.183,9,28,[H]c1nc2c([H])c([H])c([H])c(-n3c([H])c([H])[n-]c3=O)c2c([H])c1[H],210.22,48.99,0,2,1,1.34
mol_4143,PubChem,140246299,-7.028,9,22,[H]C1=C(C([H])([H])[H])C([H])([H])c2c([H])c([H])c([H])c(-c3oc([H])c([H])c3C([H])([H])[H])c21,210.28,13.14,0,1,3,4.21
mol_1530,PubChem,175131978,-7.141,9,6,[H]c1c(C(=O)[O-])nc2c(c1[H])c([H])c([H])c1[n-]nc([H])c12,211.18,80.01,0,4,1,0.1
mol_4242,PubChem,169220908,-7.055,9,11,[H]c1c(C(=O)N([H])[H])c([H])c2c(nc([H])c3c([H])n[n-]c32)c1[H],211.2,82.97,1,3,1,0.84
mol_3276,PubChem,169220915,-7.187,9,6,[H]c1c(C(=O)N([H])[H])c([H])c2c(nc([H])c3[n-]nc([H])c32)c1[H],211.2,82.97,1,3,1,0.84
mol_2286,PubChem,137350244,-7.002,9,0,[H]c1n[n-]nc1-c1c([H])c(=O)n([H])c2c([H])c([H])c([H])c([H])c12,211.2,72.74,1,3,1,0.94
mol_2470,PubChem,160359843,-7.284,9,11,[H]c1c([H])c([H])c2c(nc([H])c3c([H])c(C(=O)N([H])[H])n([H])c32)c1[H],211.22,71.77,2,2,1,1.81
mol_2701,PubChem,177754298,-7.185,9,6,[H]c1nc2c(c([H])c1[H])c([H])c([H])c1c([H])c(C(=O)N([H])[H])n([H])c12,211.22,71.77,2,2,1,1.81
mol_2157,PubChem,154056967,-7.279,9,6,[H]c1c([H])c([H])c2c(nc([H])c3c([H])c(C(=O)N([H])[H])n([H])c32)c1[H],211.22,71.77,2,2,1,1.81
mol_1261,PubChem,130004926,-7.328,9,17,[H]c1c([H])c([H])c2c3c(c([H])c([H])c2c1[H])C(=O)C([H])([H])C(=O)N3[H],211.22,46.17,1,2,0,2.36
mol_2552,PubChem,3378548,-7.088,9,28,[H]c1c([H])c(-n2nnnc2[H])c2c([H])c([H])c(C([H])([H])[H])nc2c1[H],211.23,56.49,0,4,2,1.52
mol_1129,PubChem,141532452,-7.025,9,22,[H]C1=C([H])C([H])=C([H])[C@]2(C1=O)N([H])c1c([H])c([H])c([H])c([H])c1C([H])([H])C2([H])[H],211.26,29.1,1,2,0,2.48
mol_2984,PubChem,103965024,-7.03,9,0,[H]c1nc2c([H])c([H])c([H])c([H])c2c2c1N([H])C([H])([H])C1(N2[H])C([H])([H])C1([H])[H],211.27,36.95,2,3,0,2.6
mol_3250,PubChem,135874059,-7.169,9,17,[H]c1nc2c([O-])c([H])c([H])c([H])c2c(-c2nnn([H])n2)c1[H],212.19,90.41,1,5,1,0.49
mol_3300,PubChem,115028178,-7.133,9,6,[H]c1c(C(=O)[O-])c([H])c2c(c1[H])c([H])c([H])c1nnc([H])n12,212.19,70.32,0,4,1,0.25
mol_1216,PubChem,139774091,-7.145,9,11,[H]c1oc([H])c(-c2c([H])c(=O)oc3c([H])c([H])c([H])c([H])c23)c1[H],212.2,43.35,0,3,1,3.05
mol_4199,PubChem,175920105,-7.079,9,6,[H]c1onc(-n2c(=O)c([H])c([H])c3c([H])c([H])c([H])c([H])c32)c1[H],212.21,48.03,0,3,1,1.98
mol_1011,PubChem,68639250,-7.118,9,6,[H]c1oc2c([H])c([H])c3c([H])c([H])c(C(=O)N([H])[H])nc3c2c1[H],212.21,69.12,1,3,1,2.08
mol_1916,PubChem,143183819,-7.597,9,33,[H]C([H])=C1N([H])N([H])N([H])[C@@]1([H])c1c([H])c([H])c2nc([H])c([H])c([H])c2c1[H],212.26,48.98,3,4,1,1.4
mol_4839,PubChem,136921502,-7.11,9,6,[H]c1n[n-]c2c1C([H])([H])N([H])c1c([H])c([H])c(C([H])(C([H])([H])[H])C([H])([H])[H])c([H])c1-2,212.28,39.02,1,2,3,2.75
mol_4251,PubChem,115028589,-7.127,9,11,[H]c1c(C(=O)[O-])c([H])c2c(c1[H])c([H])c([H])c1nnnn12,213.18,83.21,0,5,1,-0.36
mol_2440,PubChem,16100198,-7.007,9,11,[H]c1oc([H])c(-c2c([H])c([H])c([H])c3c2N([H])C(=O)C3=O)c1[H],213.19,59.31,1,3,1,2.08
mol_1602,PubChem,141023871,-7.073,9,22,[H]OC([H])([H])c1c(-c2n[n-]c3c([H])c([H])c([H])c([H])c23)oc([H])c1[H],213.22,60.36,1,3,3,1.94
mol_2257,PubChem,154056953,-7.236,9,11,[H]c1c([H])c([H])c2c(c1[H])-c1c(c([H])c(C(=O)N([H])[H])n1[H])C([H])([H])N2[H],213.24,70.91,3,2,1,1.71
mol_4475,PubChem,175815098,-7.064,9,11,[H]c1c([H])c([H])c2c(c1[H])c([H])c([H])c(=O)n2C1=NN([H])C([H])([H])C1([H])[H],213.24,46.39,1,3,0,1.16
mol_2301,PubChem,102045061,-7.264,9,6,[H]OC([H])([H])[C@@]1([H])N([H])c2c(c([H])c([H])c3c([H])c([H])c([H])c([H])c23)C([H])([H])C1([H])[H],213.28,32.26,2,2,2,2.56
mol_4183,PubChem,103965017,-7.156,9,6,[H]c1nc2c([H])c([H])c([H])c([H])c2c2c1N([H])C([H])([H])[C@@]([H])(C([H])([H])C([H])([H])[H])N2[H],213.28,36.95,2,3,2,2.85
mol_4571,PubChem,66875987,-7.174,8,25,[H]c1oc([H])c(-c2c([H])c([H])c([H])c3c2C([H])([H])C([H])([H])N([H])[C@@]3([H])C([H])([H])[H])c1[H],213.28,25.17,1,2,2,3.15
mol_3828,PubChem,175937172,-7.076,9,6,[H]c1c(C(=O)C([H])([H])[H])c([H])c2c(c1[H])=NC([H])([H])[C@]1([H])C=2C([H])([H])C([H])([H])C1([H])[H],213.28,29.43,0,2,2,1.47
mol_330,PubChem,3160248,-7.413,9,33,[H]C1=C([O-])N(c2c([H])c([H])c([H])c3nc([H])c([H])c([H])c23)N([H])O1,214.2,60.45,1,5,1,0.65
mol_1477,PubChem,70528428,-7.618,9,0,[H]C1=Nc2c([H])c([H])c([H])c([H])c2[C@@]2(C(=O)[N-]C(=O)N2[H])C1([H])[H],214.2,72.63,1,3,0,1.61
mol_342,PubChem,58200018,-7.091,9,6,[H]c1c([H])c(-c2nn[n-]n2)c2c(c1[H])C([H])([H])C([H])([H])C(=O)N2[H],214.21,81.87,1,4,1,0.38
mol_870,PubChem,16766563,-7.212,9,22,[H]c1c([H])c([H])c2c([H])c(C([H])([H])[H])oc2c1-n1nnnc1C([H])([H])[H],214.23,56.74,0,4,3,2.03
mol_1255,PubChem,23400366,-7.005,9,17,[H]c1c(C([H])([H])[H])c([H])c2[n-]c(C(=O)C([H])([H])[H])c([H])c(=O)c2c1C([H])([H])[H],214.24,48.24,0,2,4,1.98
mol_2693,PubChem,76692664,-7.47,9,22,[H]c1nc2c([H])c([H])c([H])c([H])c2c([C@@]2([H])C([H])([H])N([H])N([H])[C@@]2([H])N([H])[H])c1[H],214.27,62.97,3,4,2,0.71
mol_2596,PubChem,172819415,-7.131,9,44,[H]ON=C(C(=O)[O-])c1c([H])c([H])c([H])c2nc([H])c([H])c([H])c12,215.19,85.61,1,5,3,0.16
mol_1270,PubChem,172841444,-7.037,9,22,[H]ON=C(C(=O)[O-])c1c([H])c([H])c([H])c2c([H])c([H])c([H])nc12,215.19,85.61,1,5,3,0.16
mol_4015,PubChem,89932492,-7.084,9,6,[H]C1=C([H])c2nc([H])c([H])c([H])c2[C@]2(OC(=O)C([H])([H])C2([H])[H])C1=O,215.21,56.26,0,4,0,1.21
mol_4842,PubChem,5382381,-7.238,9,17,[H]ON=C(c1c([H])c([H])c2[n-]c(C([H])([H])[H])c([H])c(=O)c2c1[H])C([H])([H])[H],215.23,63.76,1,3,4,1.66
mol_3355,PubChem,5973025,-7.224,9,22,[H]ON=C(c1c([H])c([H])c2[n-]c(C([H])([H])[H])c([H])c(=O)c2c1[H])C([H])([H])[H],215.23,63.76,1,3,4,1.66
mol_4089,PubChem,139087503,-7.329,9,6,[H]c1c([H])c([H])c2c(c1[H])N([H])[C@@]1([H])[C@@]([H])(C([H])([H])[H])C([H])([H])C([H])([H])[C@@]1([H])C2(C([H])([H])[H])C([H])([H])[H],215.34,12.03,1,1,3,3.8
mol_1175,PubChem,153748388,-7.447,9,11,[H]c1oc2c([H])c([H])c3c(c2c1[H])N([H])[C@@]([H])(C(=O)[O-])C([H])([H])C3([H])[H],216.22,65.3,1,4,1,0.91
mol_412,PubChem,174828221,-7.215,9,17,[H]O[C@]([H])(C(=O)[N-]N([H])[H])c1c([H])c([H])c([H])c2c([H])c([H])c([H])nc12,216.22,90.31,2,4,4,1.04
mol_4679,PubChem,145338074,-7.181,9,0,[H]C1=C([H])[C@]2(c3c([H])c([H])c(C(=O)N([H])[H])c([H])c3N([H])C2([H])[H])C([H])([H])O1,216.24,64.35,2,3,1,0.99
mol_3139,PubChem,134860111,-7.599,9,6,[H]c1c([O-])c(C([H])([H])[H])c2c(c1[H])c(=O)c([H])c(C(=O)[O-])n2[H],217.18,96.05,1,4,2,-0.73
mol_2392,PubChem,66747501,-7.222,9,0,[H]C1=C(N([H])[H])c2c([H])c([H])c([H])c([H])c2N([H])[C@]1(C(=O)[O-])C([H])([H])C([H])([H])[H],217.25,78.18,2,4,4,0.31
mol_3889,PubChem,3522883,-7.023,9,11,[H]C1=[N+]([H])c2nc3c(c([H])c2C(=O)N([H])N1[H])C([H])([H])C([H])([H])C([H])([H])C3([H])[H],217.25,67.99,3,3,0,-1.05
mol_4063,PubChem,22114355,-7.254,9,0,[H]N=C=C(C#N)c1nc2c([H])c([H])c([H])c([H])c2c([H])c1C#N,218.22,84.32,1,4,1,2.26
mol_1557,PubChem,112486118,-7.835,9,11,[H]c1c([H])c2c(c3c1OC([H])([H])C3([H])[H])N([H])[C@@]([H])(C(=O)[O-])C([H])([H])C2([H])[H],218.23,61.39,1,4,1,0.1
mol_1600,PubChem,129781343,-7.108,9,22,[H]c1nc2c(c([H])c1[H])c([H])c([H])c1c3c([H])n[n-]c3c([H])c([H])c21,218.24,39.88,0,2,0,2.89
mol_2806,PubChem,126501297,-7.094,9,6,[H]c1nc2c(c([H])c1[H])c([H])c([H])c1c([H])c([H])c3c([H])c([H])n([H])c3c12,218.26,28.68,1,1,0,3.87
mol_3071,PubChem,117193483,-7.277,9,17,[H]c1c([H])c(C([H])([H])[H])c2c(c1[H])C([H])([H])C([H])([H])[C@@](C(=O)[O-])(C([H])([H])C([H])([H])[H])N2[H],218.28,52.16,1,3,4,1.25
mol_1358,PubChem,156785,-7.51,9,11,[H]C([H])=C1C(=O)O[C@]2(C1([H])[H])[C@@]1([H])C([H])([H])[C@]3([H])C([H])([H])[C@]([H])(C1([H])[H])C([H])([H])[C@@]2([H])C3([H])[H],218.3,26.3,0,2,0,2.68
mol_2254,PubChem,68030518,-7.715,9,0,[H]N1c2c(C([H])([H])[H])c(C([H])([H])[H])c([O-])c(C([H])([H])[H])c2C([H])([H])C([H])([H])C1(C([H])([H])[H])C([H])([H])[H],218.32,35.09,1,2,5,2.82
mol_4317,PubChem,54725756,-7.24,9,6,[H]Oc1c([O-])c([H])c([H])c2c(=O)c([H])c(C(=O)[O-])n([H])c12,219.15,116.28,2,5,2,-1.33
mol_2958,PubChem,63376728,-7.02,9,6,[H]c1c(F)c(C([H])([H])[H])c2[n-]c(C(=O)[O-])c([H])c(=O)c2c1[H],219.17,71.3,0,3,2,-0.03
mol_2667,PubChem,58170448,-7.097,9,11,[H]c1n[n-]c(-c2c([H])c([H])nc3c([H])c([H])c(C#N)c([H])c23)c1[H],219.23,63.67,0,3,1,2.13
mol_4560,PubChem,146587179,-7.074,9,17,[H]c1nc2c([H])c([H])c([H])c([H])c2c(-c2c([H])c([H])c([H])c(C([H])([H])[H])c2[H])c1[H],219.29,12.89,0,1,2,4.21
mol_2858,PubChem,755094,-7.288,9,11,[H]c1c([H])c2c(c([H])c1F)[C@]([H])(C([H])([H])[H])C([H])([H])C1(N2[H])C([H])([H])C([H])([H])C([H])([H])C1([H])[H],219.3,12.03,1,1,1,4.06
mol_2670,PubChem,2772082,-7.293,8,0,[H]c1c([H])c2c(c([H])c1F)[C@]([H])(C([H])([H])[H])C([H])([H])C1(N2[H])C([H])([H])C([H])([H])C([H])([H])C1([H])[H],219.3,12.03,1,1,1,4.06
mol_1725,PubChem,84623799,-7.327,9,17,[H]c1c2c(c([H])c3c1N([H])[C@@]([H])(C(=O)[O-])C([H])([H])C3([H])[H])OC([H])([H])O2,220.2,70.62,1,5,1,-0.11
mol_1945,PubChem,121015176,-7.049,9,28,[H]c1nc2c([H])c([H])c([H])c([H])c2c(-c2n[n-]nc2C#N)c1[H],220.22,76.56,0,4,1,1.52
mol_4072,PubChem,175800652,-7.099,9,17,[H]c1nc2c(c([H])c1[H])c([H])c([H])c1c3c([H])noc3c([H])c([H])c21,220.23,38.92,0,3,0,3.53
mol_2432,PubChem,11543095,-7.096,9,11,[H]c1oc(-c2c([H])c([H])c([H])c([H])c2[H])c(-c2c([H])c([H])c([H])c([H])c2[H])c1[H],220.27,13.14,0,1,2,4.61
mol_698,PubChem,106519497,-7.005,9,39,[H]c1nc2c([H])c([H])c([H])c(-c3[n-]c(=O)c([H])c([H])c3[H])c2c([H])c1[H],221.24,44.06,0,2,1,2.22
mol_1808,PubChem,13734446,-7.173,9,11,[H]c1nc([H])c(-c2c([H])c([H])c([H])c3[n-]c(=O)c([H])c([H])c23)c([H])c1[H],221.24,44.06,0,2,1,2.22
mol_2355,PubChem,175421846,-7.262,9,17,[H]c1nc2c(-c3c([H])c([H])c([H])[n-]c3=O)c([H])c([H])c([H])c2c([H])c1[H],221.24,44.06,0,2,1,2.22
mol_1126,PubChem,137371513,-7.192,9,22,[H]c1nc2c([H])c(-c3c([H])c([H])c([H])[n-]c3=O)c([H])c([H])c2c([H])c1[H],221.24,44.06,0,2,1,2.22
mol_206,PubChem,59371248,-7.115,9,0,[H]c1c(C(=O)C([H])([H])[H])nc2c(c1[H])c([H])c([H])c1c([H])c([H])c([H])c([H])c12,221.26,29.96,0,2,2,3.59
mol_1522,PubChem,154939281,-7.16,9,0,[H]c1nc2c(c([H])c1[H])c([H])c([H])c1c([H])c([H])c(C([H])(C([H])([H])[H])C([H])([H])[H])c([H])c12,221.3,12.89,0,1,3,4.51
mol_2675,PubChem,20562890,-7.265,9,0,[H]c1nc2c([H])c([H])c3c([H])c([H])c([H])c([H])c3c2c([H])c1C([H])(C([H])([H])[H])C([H])([H])[H],221.3,12.89,0,1,3,4.51
mol_810,PubChem,154954906,-7.164,9,6,[H]c1c(C([H])([H])C([H])([H])[H])nc2c(c1[H])c([H])c([H])c1c([H])c([H])c(C([H])([H])[H])c([H])c12,221.3,12.89,0,1,3,4.26
mol_380,PubChem,85812554,-7.371,8,0,[H]c1c(C([H])(C([H])([H])[H])C([H])([H])[H])nc2c(c1[H])c([H])c([H])c1c([H])c([H])c([H])c([H])c12,221.3,12.89,0,1,3,4.51
mol_3114,PubChem,57348930,-7.103,9,11,[H]C1=C([H])c2c([H])c3c(c4c([H])c([H])c([H])c1c24)C(=O)OC3=O,222.2,43.37,0,3,0,2.63
mol_2178,PubChem,151155194,-7.209,9,11,[H]c1nc2c([H])c([H])c([H])c([H])c2c([H])c1-n1nnnc1C#N,222.21,80.28,0,5,1,1.08
mol_4626,PubChem,12395207,-7.03,9,6,[H]c1c([H])c([H])c2c(c1[H])c([H])c([H])c1nc(C(=O)[O-])c([H])c([H])c12,222.22,53.02,0,3,1,1.75
mol_2543,PubChem,106519731,-7.151,9,11,[H]c1nc2c([H])c(-c3c([H])n[n-]c(=O)c3[H])c([H])c([H])c2c([H])c1[H],222.23,56.95,0,3,1,1.61
mol_1531,PubChem,106519491,-7.54,9,33,[H]c1nc2c([H])c([H])c([H])c(-c3c([H])n[n-]c(=O)c3[H])c2c([H])c1[H],222.23,56.95,0,3,1,1.61
mol_2131,PubChem,106519502,-7.166,9,17,[H]c1nc(-c2c([H])c([H])c([H])c3nc([H])c([H])c([H])c23)c(=O)[n-]c1[H],222.23,56.95,0,3,1,1.61
mol_1947,PubChem,112558892,-7.044,9,11,[H]c1nc(-c2c([H])c([H])nc3c([H])c([H])c([H])c([H])c23)c(=O)[n-]c1[H],222.23,56.95,0,3,1,1.61
mol_1794,PubChem,141069370,-7.092,9,39,[H]C1=N[N-]C(=O)C1=C([H])c1c([H])c([H])c([H])c2nc([H])c([H])c([H])c12,222.23,56.42,0,3,1,2.52
mol_1249,PubChem,106519668,-7.198,9,22,[H]c1nc2c(-c3c([H])n[n-]c(=O)c3[H])c([H])c([H])c([H])c2c([H])c1[H],222.23,56.95,0,3,1,1.61
mol_891,PubChem,102537600,-7.203,9,33,[H]c1nc(=O)[n-]c(-c2c([H])c([H])c([H])c3nc([H])c([H])c([H])c23)c1[H],222.23,56.95,0,3,1,1.61
mol_4349,PubChem,112558961,-7.05,9,11,[H]c1nc(-c2c([H])c([H])c([H])c3c([H])c([H])c([H])nc23)c(=O)[n-]c1[H],222.23,56.95,0,3,1,1.61
mol_2090,PubChem,113844650,-7.17,9,22,[H]c1nc([H])c(-c2c([H])c([H])c([H])c3nc([H])c([H])c([H])c23)c(=O)[n-]1,222.23,56.95,0,3,1,1.61
mol_2409,PubChem,102537601,-7.108,9,28,[H]c1nc(=O)[n-]c(-c2c([H])c([H])nc3c([H])c([H])c([H])c([H])c23)c1[H],222.23,56.95,0,3,1,1.61
mol_947,PubChem,91555441,-7.312,9,6,[H]C(=O)c1c([H])c([H])c2c(-c3c([H])oc([H])c3[H])c([H])c([H])c([H])c2c1[H],222.24,30.21,0,2,2,3.91
mol_4763,PubChem,21852184,-7.061,9,22,[H]c1c([H])c([H])c2c(c1[H])C(=O)c1c-2c([H])c([H])c2c1C([H])([H])C([H])([H])O2,222.24,26.3,0,2,0,2.83
mol_297,PubChem,157188636,-7.188,9,0,[H]c1c(C(=O)N([H])[H])nc2c(c1[H])c([H])c([H])c1c([H])c([H])c([H])c([H])c12,222.25,55.98,1,2,1,2.49
mol_2869,PubChem,134858729,-7.409,9,17,[H]C1=C([H])[C@@]2([H])N([H])c3c(c4c([H])c([H])c([H])c([H])c4n3[H])C([H])([H])[C@@]2([H])C([H])=C1[H],222.29,27.82,2,1,0,3.25
mol_3768,PubChem,3729473,-7.092,9,22,[H]c1c([H])c([H])c(-c2c(C([H])([H])[H])oc3c([H])c([H])c(C([H])([H])[H])c([H])c23)c([H])c1[H],222.29,13.14,0,1,3,4.72
mol_523,PubChem,42640014,-7.012,9,0,[H]c1c([C@@]([H])(N([H])[H])C([H])([H])[H])nc2c(c1[H])c([H])c([H])c1c([H])c([H])c([H])c([H])c12,222.29,38.91,1,2,3,3.41
mol_3702,PubChem,106694986,-7.027,9,11,[H]C1=C(c2c([H])c([H])c([H])c3c([H])c([H])c([H])nc23)C(=O)[N-]C1=O,223.21,61.13,0,3,1,2.06
mol_4650,PubChem,106694984,-7.2,8,25,[H]C1=C(c2c([H])c([H])c([H])c3nc([H])c([H])c([H])c23)C(=O)[N-]C1=O,223.21,61.13,0,3,1,2.06
mol_2359,PubChem,176162726,-7.129,9,39,[H]c1nc2c([H])c([H])c([H])c([H])c2c(-c2c([H])c([H])oc(=O)c2[H])c1[H],223.23,43.1,0,3,1,2.86
mol_4813,PubChem,54516661,-7.079,9,39,[H]C(=C(C#N)C(=O)N([H])[H])c1c([H])c([H])nc2c([H])c([H])c([H])c([H])c12,223.24,79.77,1,3,2,1.63
mol_4108,PubChem,149870132,-7.092,9,22,[H]c1nc2c(-c3c([H])c([H])c([H])c(F)c3[H])c([H])c([H])c([H])c2c([H])c1[H],223.25,12.89,0,1,1,4.04
mol_3612,PubChem,141309372,-7.272,9,17,[H]c1nc2c([H])c([H])c([H])c([H])c2c(-c2c([H])c([H])c([H])c(F)c2[H])c1[H],223.25,12.89,0,1,1,4.04
mol_1060,PubChem,117705000,-7.21,9,11,[H]c1nc2c([H])c([H])c([H])c(-c3c([H])c([H])c([H])c(F)c3[H])c2c([H])c1[H],223.25,12.89,0,1,1,4.04
mol_4601,PubChem,168528326,-7.06,9,22,[H]c1oc(-c2c([H])c([H])c([H])c3c([O-])c(C([H])([H])[H])c([H])c([H])c23)c([H])c1[H],223.25,36.2,0,2,2,3.48
mol_2551,PubChem,57722988,-7.029,9,28,[H]c1nc2c([H])c([H])c([H])c(-c3c([H])c([H])c([H])c([H])c3F)c2c([H])c1[H],223.25,12.89,0,1,1,4.04
mol_1035,PubChem,42639865,-7.412,9,0,[H]O[C@@]([H])(c1nc2c(c([H])c1[H])c([H])c([H])c1c([H])c([H])c([H])c([H])c12)C([H])([H])[H],223.28,33.12,1,2,3,3.44
mol_482,PubChem,74834175,-7.397,9,0,[H]O[C@@]([H])(c1nc2c(c([H])c1[H])c([H])c([H])c1c([H])c([H])c([H])c([H])c12)C([H])([H])[H],223.28,33.12,1,2,3,3.44
mol_4803,PubChem,163317845,-7.113,9,22,[H]c1nn(C([H])([H])[H])c(-c2c([H])c([H])c([H])c3nc(C([H])([H])[H])c([H])c([H])c23)c1[H],223.28,30.71,0,2,3,2.94
mol_1431,PubChem,97627667,-7.103,9,6,[H]c1c(C([H])([H])N([H])[H])c([H])c2c(=O)c([H])c(C([H])(F)F)n([H])c2c1[H],224.21,58.88,2,2,3,1.92
mol_3998,PubChem,57376175,-7.143,9,11,[H]c1c([H])c([H])c2c3c(c4c(c2c1[H])C(=O)OC4=O)C([H])([H])C3([H])[H],224.22,43.37,0,3,0,2.25
mol_3053,PubChem,139628532,-7.178,9,28,[H]C1=C([H])C(=O)N(c2c([H])c([H])nc3c([H])c([H])c([H])c([H])c23)C1=O,224.22,50.27,0,3,1,1.66
mol_3478,PubChem,15249400,-7.049,9,6,[H]c1nc2c(c([H])c1[H])c([H])c([H])c1c([H])c([H])c([N+](=O)[O-])c([H])c12,224.22,56.03,0,3,1,3.3
mol_1691,PubChem,28502501,-7.263,9,28,[H]C1=C([H])C(=O)N(c2c([H])c([H])c([H])c3nc([H])c([H])c([H])c23)C1=O,224.22,50.27,0,3,1,1.66
mol_3591,PubChem,163955504,-7.05,9,22,[H]c1c([H])c([H])c2c(c1[H])c([H])c([H])c1nc([N+](=O)[O-])c([H])c([H])c12,224.22,56.03,0,3,1,3.3
mol_1563,PubChem,240646,-7.315,9,17,[H]C1=C([H])C(=O)N(c2c([H])c([H])c([H])c3c([H])c([H])c([H])nc23)C1=O,224.22,50.27,0,3,1,1.66
mol_261,PubChem,129785697,-7.43,9,0,[H]c1c([N+](=O)[O-])nc2c(c1[H])c([H])c([H])c1c([H])c([H])c([H])c([H])c12,224.22,56.03,0,3,1,3.3
mol_2052,PubChem,177766042,-7.189,9,6,[H]c1nc([H])c2c(n1)c([H])nc1c([H])c([H])c(C(=O)N([H])[H])c([H])c12,224.22,81.76,1,4,1,1.28
mol_1556,PubChem,67756308,-7.262,9,6,[H]c1nc2c([H])c([H])c3c([H])c([H])c([N+](=O)[O-])c([H])c3c2c([H])c1[H],224.22,56.03,0,3,1,3.3
mol_4291,PubChem,16108984,-7.101,9,22,[H]c1nc(F)c(-c2c([H])c([H])nc3c([H])c([H])c([H])c([H])c23)c([H])c1[H],224.24,25.78,0,2,1,3.44
mol_1093,PubChem,11579478,-7.178,9,17,[H]c1c([H])c([H])c2c([H])c([H])c(-c3c(C([H])([H])[H])[n-]n([H])c3=O)nc2c1[H],224.24,59.85,1,2,2,1.86
mol_1835,PubChem,154848906,-7.301,9,22,[H]c1nc2c([H])c([H])c([H])c(-c3c([H])nc([H])c(F)c3[H])c2c([H])c1[H],224.24,25.78,0,2,1,3.44
mol_2253,PubChem,154848901,-7.18,9,17,[H]c1nc2c(-c3c([H])nc([H])c(F)c3[H])c([H])c([H])c([H])c2c([H])c1[H],224.24,25.78,0,2,1,3.44
mol_4444,PubChem,10242727,-7.07,9,0,[H]C1=C([H])[C@@]2([H])[C@]3(OC(=O)C(c4c([H])c([H])c([H])c([H])c4[H])=C3[H])[C@@]2([H])C1([H])[H],224.26,26.3,0,2,1,2.57
mol_3308,PubChem,10036568,-7.088,9,22,[H]C1=C([H])[C@@]2([H])[C@]3(OC(=O)C(c4c([H])c([H])c([H])c([H])c4[H])=C3[H])[C@@]2([H])C1([H])[H],224.26,26.3,0,2,1,2.57
mol_2861,PubChem,22616376,-7.183,9,17,[H]C1=C(C([H])([H])c2c([H])c([H])c3c([H])c([H])c([H])c([H])c3c2[H])C(=O)OC1([H])[H],224.26,26.3,0,2,2,2.87
mol_2814,PubChem,3504521,-7.092,9,6,[H]c1c([H])c([H])c([C@]2([H])C(=O)Oc3c([H])c([H])c(C([H])([H])[H])c([H])c32)c([H])c1[H],224.26,26.3,0,2,2,3.05
mol_4246,PubChem,101848349,-7.626,9,28,[H]C1=C([H])C([H])([H])[C@]([H])(c2c3c([H])c([H])c([H])c([H])c([H])c-3oc2=O)C([H])=C1[H],224.26,30.21,0,2,1,3.34
mol_2741,PubChem,136487032,-7.24,9,11,[H]c1c(C([H])(C([H])([H])[H])C([H])([H])[H])[n-]c2c(c1[H])c([H])c([H])c1nc(C([H])([H])[H])nc12,224.29,39.88,0,2,4,3.17
mol_3368,PubChem,21855747,-7.079,9,11,[H]c1c([H])c([H])c2c(nc([H])c3c(C([H])([H])[H])c(C([H])([H])C([H])([H])[H])n([H])c32)c1C([H])([H])[H],224.31,28.68,1,1,4,3.9
mol_1565,PubChem,70937616,-7.318,9,28,[H]c1c(C([H])([H])[H])nc2c([H])c([H])c3c([H])c(C([H])(C([H])([H])[H])C([H])([H])[H])n([H])c3c2c1[H],224.31,28.68,1,1,4,4.15
mol_3169,PubChem,82019212,-7.002,9,28,[H]c1c([H])c2c(c([H])c1Cl)C(=O)C([H])([H])[C@]([H])(C(=O)[O-])N2[H],224.62,69.23,1,4,1,0.46
mol_588,PubChem,117325154,-7.109,9,11,[H]c1nc2c([O-])c([H])c([H])c(-c3c([H])nn([H])c3N([H])[H])c2c([H])c1[H],225.23,90.65,2,4,2,1.28
mol_1550,PubChem,11543136,-7.285,9,22,[H]c1c([H])c([H])c2c([H])c([H])c(-c3c(N([H])[H])[n-]n([H])c3=O)nc2c1[H],225.23,85.87,2,3,2,1.13
mol_4069,PubChem,80521325,-7.048,9,6,[H]c1nc(-c2c(N([H])[H])n[n-]c2-c2c([H])oc([H])c2[H])c([H])c([H])c1[H],225.23,79.04,1,4,3,1.94
mol_646,PubChem,53642639,-7.259,9,22,[H]Oc1c([H])c([H])c([O-])n1-c1c([H])c([H])c([H])c2c([H])c([H])c([H])nc12,225.23,61.11,1,3,2,1.8
mol_4105,PubChem,82017379,-7.13,9,17,[H]c1c([H])c([H])c2c(c1[H])c([H])c([H])c1c([H])c(C(=O)[N-]N([H])[H])oc12,225.23,70.33,1,3,2,2.97
mol_3159,PubChem,115035460,-7.065,9,6,[H]c1nc2c([H])c(C([H])([H])[H])c3c([H])c([H])c(C(=O)[O-])c([H])c3n2c1[H],225.23,57.43,0,3,2,1.16
mol_3425,PubChem,68940885,-7.129,9,11,[H]c1c(C(=O)C([H])([H])[H])c([H])c2c([n-]c(=O)c3c2c([H])c([H])n3[H])c1[H],225.23,64.03,1,2,2,1.84
mol_3505,PubChem,72810281,-7.067,9,11,[H]ON=C(c1oc2c([H])c([H])c3c([H])c([H])c([H])c([H])c3c2c1[H])C([H])([H])[H],225.25,45.73,1,3,3,3.78
mol_3515,PubChem,459361,-7.025,9,0,[H]c1c(C(=O)C([H])([H])[H])c([H])c2c(oc3c([H])c(N([H])[H])c([H])c([H])c32)c1[H],225.25,56.23,1,3,3,3.37
mol_955,PubChem,10537170,-7.144,9,17,[H]c1oc(C2=C(c3c([H])c([H])c([H])c([H])c3[H])N([H])C(=O)C2([H])[H])c([H])c1[H],225.25,42.24,1,2,2,2.67
mol_1588,PubChem,81223871,-7.078,9,28,[H]c1nn([H])nc1[C@]([H])(c1c([H])c([H])c([H])c2c([H])c([H])c([H])nc12)N([H])[H],225.26,80.48,2,4,3,1.4
mol_2967,PubChem,123509361,-7.191,9,11,[H]C1=C([H])C([H])([H])c2c([H])c([H])c([H])c([H])c2N1c1c([H])c([H])c([H])c(F)c1[H],225.27,3.24,0,1,1,4.03
mol_2220,PubChem,23007987,-7.067,9,0,[H]c1c([H])c([H])c2c([H])c3c(N([H])[H])[n-]nc3nc2c1C([H])(C([H])([H])[H])C([H])([H])[H],225.28,65.9,1,3,4,2.45
mol_930,PubChem,164671907,-7.075,9,0,[H]O[C@]([H])(c1nc2c(c([H])c1[H])C([H])([H])C([H])([H])c1c([H])c([H])c([H])c([H])c1-2)C([H])([H])[H],225.29,33.12,1,2,3,2.9
mol_2037,PubChem,13805373,-7.809,9,6,[H]c1c([H])c([H])c2c(c1[H])C1=C(C([H])([H])C([H])([H])C1([H])[H])C1(N2[H])C([H])([H])C([H])([H])C([H])([H])C1([H])[H],225.34,12.03,1,1,0,4.36
mol_4365,PubChem,59964382,-7.366,9,22,[H]c1c2c(c3c([H])c([H])c([H])c(C([H])([H])[H])c3c1[H])C([H])([H])C([H])([H])C(C([H])([H])[H])(C([H])([H])[H])N2[H],225.34,12.03,1,1,3,4.28
mol_2651,PubChem,53212418,-7.341,9,6,[H]c1c([H])c([H])c2c([n-]c(=O)c3c([H])c(C(=O)[O-])n([H])c32)c1[H],226.19,87.09,1,3,1,0.0
mol_3259,PubChem,96602119,-7.115,9,6,[H]c1[n-]c2c(c([H])c([H])c3c([H])c(C(=O)[O-])n([H])c32)c(=O)c1[H],226.19,87.09,1,3,1,0.0
mol_4049,PubChem,132582230,-7.269,9,33,[H]c1nc2c([H])c([H])c(N3C(=O)N=NC3=O)c([H])c2c([H])c1[H],226.2,74.99,0,3,1,2.75
mol_1915,PubChem,153746809,-7.394,9,6,[H]C1=C([H])C([H])([H])c2c3c(c([H])c([H])c2=N1)=C([H])C([H])=C(C(=O)[O-])O3,226.21,61.72,0,4,1,-0.82
mol_1402,PubChem,122483599,-7.02,8,0,[H]c1oc(-c2c([H])c([H])c([H])c3c2C([H])([H])C(=O)[N-]C3=O)c([H])c1[H],226.21,61.38,0,3,1,2.54
mol_1846,PubChem,67109134,-7.27,9,6,[H]C1=C(C(=O)[O-])Oc2c(c([H])nc3c([H])c([H])c([H])c([H])c23)C1([H])[H],226.21,62.25,0,4,1,0.8
mol_1755,PubChem,54286325,-7.072,9,33,[H]c1nc2c([H])c([H])c(-c3c([O-])n([H])c(=O)n3[H])c([H])c2c([H])c1[H],226.22,84.6,2,3,1,0.99
mol_1738,PubChem,115035951,-7.346,9,6,[H]c1c(C(=O)[O-])c([H])c2c(c1[H])c(C([H])([H])[H])c([H])c1nnc([H])n12,226.22,70.32,0,4,2,0.55
mol_477,PubChem,117326361,-7.374,9,17,[H]c1nc2c([O-])c([H])c([H])c(-c3c([H])noc3N([H])[H])c2c([H])c1[H],226.22,88.0,1,5,2,1.55
mol_2592,PubChem,10036671,-7.368,9,6,[H]c1c(C([H])([H])[H])c([H])c2nc([H])c3c(=O)[n-]c(=O)n([H])c3c2c1[H],226.22,76.92,1,3,1,0.7
mol_1842,PubChem,22479981,-7.023,9,17,[H]c1oc([H])c(-c2n[n-]c3c([H])c([H])c(C(=O)N([H])[H])c([H])c23)c1[H],226.22,83.22,1,3,2,1.55
mol_4556,PubChem,14987951,-7.186,9,28,[H]c1c2c(c([H])c3[n-]c(N([H])C#N)nc13)C([H])([H])C([H])([H])C(=O)N2[H],226.22,91.91,2,4,1,0.97
mol_1624,PubChem,153943244,-7.527,9,22,[H]c1c([H])c([H])c2c([n-]c(=O)c3c([H])c(C(=O)N([H])[H])n([H])c32)c1[H],226.22,90.05,2,2,1,0.74
mol_2920,PubChem,497536,-7.067,9,0,[H]c1c([H])c([H])c2c(c1[H])C(=O)C(=O)c1c-2oc(C([H])([H])C([H])([H])[H])c1[H],226.23,47.28,0,3,2,2.89
mol_606,PubChem,23370190,-7.35,9,6,[H]c1oc([H])c(-c2c([H])c(=O)oc3c([H])c(C([H])([H])[H])c([H])c([H])c23)c1[H],226.23,43.35,0,3,2,3.36
mol_1647,PubChem,63968728,-7.224,9,28,[H]c1nc2c([C@@]([H])(c3nnn([H])n3)N([H])[H])c([H])c([H])c([H])c2c([H])c1[H],226.24,93.37,2,5,3,0.8
mol_2151,PubChem,21543662,-7.166,9,0,[H]c1c([H])c([H])c2c(c1[H])c([H])c([H])c1nnc(N([H])C(=O)C([H])([H])[H])n12,226.24,59.29,1,3,2,1.84
mol_1669,PubChem,58294607,-7.194,9,6,[H]c1nc2c(c([H])c1[H])-c1c([H])c([N+](=O)[O-])c([H])c([H])c1C([H])([H])C2([H])[H],226.24,56.03,0,3,1,2.76
mol_4659,PubChem,170710895,-7.163,9,11,[H]c1c(C(=O)N([H])[H])c([H])c2c(nc([H])c3c([H])nn(C([H])([H])[H])c32)c1[H],226.24,73.8,1,3,2,1.22
mol_620,PubChem,163382860,-7.301,9,0,[H]C1=c2c([H])nc3c([H])c([H])c(C(=O)N([H])[H])c([H])c3c2=C([H])C([H])([H])O1,226.24,65.21,1,3,1,-0.12
mol_3056,PubChem,104826615,-7.014,9,22,[H]c1nc2c(N([H])[H])c([H])c([H])c(-n3nnnc3C([H])([H])[H])c2c([H])c1[H],226.24,82.51,1,5,3,1.1
mol_1208,PubChem,69574079,-7.364,9,44,[H]c1nc2c([H])c([H])c([H])c(C3(C(=O)[N-]N([H])[H])C([H])([H])C3([H])[H])c2c([H])c1[H],226.26,70.08,1,3,3,2.04
mol_3864,PubChem,66927158,-7.011,9,33,[H]c1nc2c([H])c([H])c(C3(C(=O)[N-]N([H])[H])C([H])([H])C3([H])[H])c([H])c2c([H])c1[H],226.26,70.08,1,3,3,2.04
mol_651,PubChem,71282110,-7.985,9,6,[H]c1c([H])c([H])c2c3c(c([H])c([H])c2c1[H])C([H])([H])C([H])([H])[C@]([H])(C(=O)[O-])N3[H],226.26,52.16,1,3,1,1.32
mol_4471,PubChem,163014286,-7.013,9,0,[H]C1=C([H])C(C([H])([H])[H])(C([H])([H])[H])Oc2c1c([O-])nc1c([H])c([H])c([H])c([H])c21,226.26,45.18,0,3,2,2.49
mol_121,PubChem,139491551,-7.68,9,0,[H]c1c([H])c([H])c2c3c(c([H])c([H])c2c1[H])C([H])([H])C([H])([H])[C@]([H])(C(=O)N([H])[H])N3[H],226.28,55.12,2,2,1,2.05
mol_2987,PubChem,129787590,-7.05,9,28,[H]c1c([H])c([H])c2c3c(c([H])c([H])c2c1[H])N([H])[C@@]([H])(C(=O)N([H])[H])C([H])([H])C3([H])[H],226.28,55.12,2,2,1,2.05
mol_1227,PubChem,136327180,-7.359,9,11,[H]c1c([H])c(C([H])(C([H])([H])[H])C([H])([H])[H])c([H])c2c1N([H])C([H])([H])c1c-2n[n-]c1C([H])([H])[H],226.3,39.02,1,2,4,3.06
mol_3598,PubChem,20665149,-7.428,9,6,[H]c1c2c(c3c([H])c([H])c([H])c([O-])c3c1[H])C([H])([H])C([H])([H])C(C([H])([H])[H])(C([H])([H])[H])N2[H],226.3,35.09,1,2,2,3.05
mol_2826,PubChem,24220865,-7.184,9,6,[H]c1c(C(=O)[O-])c([H])c2c(nc([H])c3c(=O)[n-]n([H])c32)c1[H],227.18,99.98,1,4,1,-0.6
mol_801,PubChem,70058178,-7.189,9,17,[H]c1nc2c3c(nnn3-c3oc([H])c([H])c3[H])nc([H])n2n1,227.19,86.93,0,6,1,0.45
mol_2030,PubChem,155124669,-7.265,9,33,[H]c1nc2c([H])c([H])c(-n3c(=O)[n-]n([H])c3=O)c([H])c2c([H])c1[H],227.2,81.85,1,3,1,0.03
mol_852,PubChem,15780550,-7.445,9,11,[H]c1oc([H])c(-c2c([H])c(=O)oc3c([H])c([O-])c([H])c([H])c23)c1[H],227.2,66.41,0,4,1,2.13
mol_1790,PubChem,115036518,-7.325,9,0,[H]c1c(C(=O)[O-])c([H])c2c(c1[H])c(C([H])([H])[H])c([H])c1nnnn12,227.2,83.21,0,5,2,-0.05
mol_4302,PubChem,175365522,-7.131,9,11,[H]c1oc([H])c(-c2c([O-])c(=O)oc3c([H])c([H])c([H])c([H])c23)c1[H],227.2,66.41,0,4,1,2.13
mol_1031,PubChem,106702916,-7.205,9,28,[H]c1nc2c(N3C(=O)N([H])C([H])([H])C3=O)c([H])c([H])c([H])c2c([H])c1[H],227.22,62.3,1,3,1,1.29
mol_978,PubChem,113219804,-7.132,9,11,[H]c1nc2c([H])c([H])c([H])c(N3C(=O)N([H])C([H])([H])C3=O)c2c([H])c1[H],227.22,62.3,1,3,1,1.29
mol_3676,PubChem,80523431,-7.014,9,6,[H]c1nc([H])c(-c2c(N([H])[H])noc2-c2oc([H])c([H])c2[H])c([H])c1[H],227.22,78.08,1,5,3,2.58
mol_285,PubChem,117328778,-7.37,9,6,[H]c1n[n-]c(N([H])[H])c1-c1c([H])c([H])c([H])c2c1N([H])C(=O)C([H])([H])C2([H])[H],227.25,82.11,2,3,2,1.17
mol_4307,PubChem,131886097,-7.059,9,11,[H]c1c([H])c([H])c2c([H])c([H])c(N3C(=O)C([H])([H])C(N([H])[H])=[N+]3[H])nc2c1[H],227.25,73.19,2,3,1,-0.68
mol_4656,PubChem,46914438,-7.093,9,0,[H]c1nc2c3c(c([H])c([H])c2c([H])c1[H])C(=O)C([H])([H])C(C([H])([H])[H])(C([H])([H])[H])O3,227.26,39.19,0,3,2,2.98
mol_1640,PubChem,158119089,-7.488,9,17,[H]C1=C(c2c(C([H])([H])[H])n(C([H])([H])[H])c3c([H])c([H])c([H])c([H])c23)C(=O)OC1([H])[H],227.26,31.23,0,2,3,2.43
mol_3772,PubChem,115370867,-7.101,9,11,[H]c1nc2c([H])c([H])c([H])c(N3C(=O)N([H])C([H])([H])C([H])([H])C3([H])[H])c2c([H])c1[H],227.27,45.23,1,2,1,2.15
mol_476,PubChem,114988558,-7.427,9,11,[H]c1n[n-]c(N([H])[H])c1N1c2c([H])c([H])c(C([H])([H])[H])c([H])c2C([H])([H])C([H])([H])C1([H])[H],227.29,56.25,1,3,3,2.01
mol_4757,PubChem,142684524,-7.17,9,11,[H]c1c([H])c(C2=[N+]([H])N([H])C([H])([H])N2C([H])([H])[H])c2c([H])c([H])c(C([H])([H])[H])nc2c1[H],227.29,42.13,2,3,3,-0.22
mol_2954,PubChem,70257981,-7.267,9,6,[H]c1oc([H])c(-c2c([H])c([H])c([H])c3c2C([H])([H])C([H])([H])N(C([H])([H])[H])[C@]3([H])C([H])([H])[H])c1[H],227.31,16.38,0,2,3,3.5
mol_1392,PubChem,103965030,-7.184,9,0,[H]c1nc2c([H])c([H])c([H])c([H])c2c2c1N([H])C([H])([H])[C@](C([H])([H])[H])(C([H])([H])C([H])([H])[H])N2[H],227.31,36.95,2,3,3,3.24
mol_1636,PubChem,113359519,-7.243,9,0,[H]c1nc2c([H])c([H])c([H])c([H])c2c2c1N([H])C([H])([H])[C@]([H])(C([H])(C([H])([H])[H])C([H])([H])[H])N2[H],227.31,36.95,2,3,3,3.1
mol_2074,PubChem,5376614,-7.348,8,25,[H]c1c([O-])c([H])c2c(c1[H])c(=O)c([H])c(C(F)(F)F)n2[H],228.15,55.92,1,2,0,1.62
mol_2450,PubChem,615257,-7.347,9,22,[H]c1c([H])c([O-])c2c(c1[H])c(=O)c([H])c(C(F)(F)F)n2[H],228.15,55.92,1,2,0,1.62
mol_3438,PubChem,177709404,-7.339,9,11,[H]c1c([H])c([H])c2c([H])c3c(=O)n([O-])n([H])c(=O)c3nc2c1[H],228.19,90.81,1,4,0,0.58
mol_2407,PubChem,12884646,-7.4,9,11,[H]c1c([H])c([H])c2c(c1[H])c1c(c(=O)[n-]c(=O)n1[H])c(=O)n2[H],228.19,96.89,2,3,0,-0.31
mol_1708,PubChem,135566423,-7.104,9,6,[H]c1c([O-])c([H])c2nc3c(c([H])c2c1[H])c(=O)n([H])c(=O)n3[H],228.19,101.67,2,4,0,-0.16
mol_1866,PubChem,154427206,-7.715,9,11,[H]C1=C([H])[C@@](C(=O)[O-])(C([H])([H])[H])N([H])c2c([O-])c([H])c([H])c(C#N)c21,228.21,99.01,1,5,2,-0.42
mol_2374,PubChem,21473957,-7.193,9,11,[H]c1c(C([H])([H])[H])c(C([H])([H])[H])c([H])c2c1[n-]c(=O)c1c(=O)n([H])n([H])c12,228.23,79.82,2,2,2,0.94
mol_2261,PubChem,5249188,-7.171,8,0,[H]c1c([H])c([H])c2c(c1[H])C(=O)C(=O)C1=C2OC(C([H])([H])[H])(C([H])([H])[H])C1([H])[H],228.25,43.37,0,3,2,2.36
mol_973,PubChem,168528118,-7.134,9,0,[H]c1oc(-c2c([H])c([H])c([H])c3c2N([H])C(=O)N(C([H])([H])[H])C3([H])[H])c([H])c1[H],228.25,45.48,1,2,2,2.92
mol_4269,PubChem,7148469,-7.01,9,0,[H]C1=C([H])[C@@]2([H])c3c([H])c(C([H])([H])[H])c([H])c([H])c3N([H])[C@@]([H])(C(=O)[O-])[C@]2([H])C1([H])[H],228.27,52.16,1,3,2,1.2
mol_2255,PubChem,68637624,-7.044,9,0,[H]c1sc2c([H])c([H])c3c([H])c([H])c(C(=O)N([H])[H])nc3c2c1[H],228.28,55.98,1,3,1,2.55
mol_1340,PubChem,76951132,-7.205,9,22,[H]c1nc2c([H])c([H])c([H])c([C@]3([H])N([H])N([H])[C@@]([H])(N([H])[H])[C@@]3([H])C([H])([H])[H])c2c([H])c1[H],228.3,62.97,3,4,3,1.3
mol_3117,PubChem,101902063,-7.117,8,12,[H]c1nc2c([H])c(Cl)c([H])c([H])c2c(-c2c([H])c([H])c([H])n2[H])c1[H],228.68,28.68,1,1,1,3.88
mol_3278,PubChem,135423471,-7.105,9,0,[H]ON([H])C(=O)c1c([H])c2nnnn2c2c([H])c([H])c([H])c([H])c12,229.2,92.41,2,5,2,0.4
mol_3763,PubChem,176023570,-7.13,9,6,[H]c1oc(-c2nnc([H])n2-c2c([H])c([H])c(F)c([H])c2[H])c([H])c1[H],229.21,43.85,0,3,2,2.67
mol_2236,PubChem,90117445,-7.491,9,6,[H]C1=C2O[C@@]([H])(N([H])[H])C([H])=C2c2c([H])c([H])c([H])c(C(=O)[O-])c2N1[H],229.22,87.41,2,5,2,0.02
mol_3509,PubChem,135405742,-7.167,9,6,[H]O[N+]([H])=C(c1c([H])c2c([H])c([H])c([H])c([H])c2n2nnnc12)N([H])[H],229.22,103.3,3,4,2,-1.55
mol_3293,PubChem,136648932,-7.169,9,0,[H]O[N+]([H])=C(c1c([H])c2c([H])c([H])c([H])c([H])c2n2nnnc12)N([H])[H],229.22,103.3,3,4,2,-1.55
mol_152,PubChem,58852720,-7.27,9,6,[H]c1c(C([H])(F)F)nc2c(c1[H])c([H])c([H])c1c([H])c([H])c([H])c([H])c12,229.23,12.89,0,1,1,4.33
mol_2497,PubChem,129857134,-7.315,9,17,[H]C1=C(N([H])[H])C([H])([H])Oc2c([H])c([H])c([H])c(C3=C([H])C([H])([H])OC3=O)c21,229.24,61.55,1,4,2,1.32
mol_2011,PubChem,117330203,-7.137,9,17,[H]c1noc(N([H])[H])c1-c1c([H])c([H])c2c(c1[H])N([H])C(=O)C([H])([H])C2([H])[H],229.24,81.15,2,4,2,1.81
mol_3492,PubChem,21788673,-7.06,9,6,[H]c1c([H])c([H])c2c(c1[H])N([H])C(=O)[C@]1([H])[C@@]3(OC(=O)C3([H])[H])C([H])([H])[C@]21[H],229.24,55.4,1,3,0,1.43
mol_4599,PubChem,9173,-7.207,9,17,[H]c1nc2c([H])c([H])c3c4c([H])c([H])c([H])c([H])c4c([H])c([H])c3c2c([H])c1[H],229.28,12.89,0,1,0,4.54
mol_3905,PubChem,13051767,-7.111,9,17,[H]c1c2c(c3c(c1C([H])([H])[H])C([H])([H])C([H])([H])C([H])([H])C3=O)C([H])([H])C([H])([H])C(=O)N2[H],229.28,46.17,1,2,1,2.4
mol_1736,PubChem,71408559,-7.228,9,22,[H]c1nc2c([H])c([H])c3c([H])c([H])c4c([H])c([H])c([H])c([H])c4c3c2c([H])c1[H],229.28,12.89,0,1,0,4.54
mol_294,PubChem,117330833,-7.338,9,28,[H]c1noc(N([H])[H])c1-c1c([H])c([H])c([H])c2c1C([H])([H])C([H])([H])C([H])([H])N2C([H])([H])[H],229.28,55.29,1,4,3,2.31
mol_2393,PubChem,9179,-7.171,9,0,[H]c1nc2c([H])c([H])c3c([H])c4c([H])c([H])c([H])c([H])c4c([H])c3c2c([H])c1[H],229.28,12.89,0,1,0,4.54
mol_2635,PubChem,6451339,-7.096,9,17,[H]c1c([H])c([H])c2c(c([H])nc3c([H])c([H])c4c([H])c([H])c([H])c([H])c4c32)c1[H],229.28,12.89,0,1,0,4.54
mol_1222,PubChem,11687263,-7.461,8,12,[H]C1=C([H])C(C([H])([H])[H])(C([H])([H])[H])OC2=C1C(=O)N([H])[C@@]1([H])C([H])=C([H])C([H])=C([H])[C@@]21[H],229.28,38.33,1,2,2,1.85
mol_4413,PubChem,9174,-7.224,9,28,[H]c1nc2c(c([H])c1[H])c([H])c([H])c1c3c([H])c([H])c([H])c([H])c3c([H])c([H])c21,229.28,12.89,0,1,0,4.54
mol_1263,PubChem,11817066,-7.248,9,6,[H]c1c([H])c(C([H])([H])[H])c2c(c1C([H])([H])[H])N([H])C1(C([H])([H])C([H])([H])C([H])([H])C1([H])[H])C([H])([H])[C@@]2([H])C([H])([H])[H],229.37,12.03,1,1,3,4.54
mol_2152,PubChem,23370170,-7.097,8,6,[H]c1nc2c([H])c(Cl)c([H])c([H])c2c(-c2c([H])oc([H])c2[H])c1[H],229.67,26.03,0,2,1,4.15
mol_4354,PubChem,17993629,-7.113,9,0,[H]c1c([H])c2c(c(Cl)c1Cl)N([H])C(C([H])([H])[H])(C([H])([H])[H])C([H])([H])C2([H])[H],230.14,12.03,1,1,2,4.13
mol_1659,PubChem,167350564,-7.224,9,0,[H]c1nnc(-c2c(F)c([H])c([H])c3[n-]c(=O)c([H])c([H])c23)o1,230.18,70.09,0,4,1,1.35
mol_922,PubChem,154296777,-7.217,9,6,[H]c1oc2c([H])c([H])c3c(c2c1[H])N([H])[C@]([H])(C(=O)[O-])C(=O)C3([H])[H],230.2,82.37,1,5,1,0.09
mol_656,PubChem,105489039,-7.331,9,0,[H]c1n[n-]c([H])c1[C@]1([H])c2c([H])c([H])c(F)c([H])c2N([H])C(=O)C1([H])[H],230.22,56.09,1,2,1,1.65
mol_1046,PubChem,105489035,-7.123,9,0,[H]c1n[n-]c([H])c1[C@@]1([H])c2c([H])c([H])c([H])c(F)c2N([H])C(=O)C1([H])[H],230.22,56.09,1,2,1,1.65
mol_1518,PubChem,18945241,-7.046,9,0,[H]c1oc([H])c(-c2c([H])c([H])c([H])c(C(=O)[N+]([H])=C(N([H])[H])N([H])[H])c2[H])c1[H],230.25,96.22,3,2,2,-0.56
mol_2155,PubChem,343670,-7.058,9,17,[H]c1nc2c([H])c([H])c3c4c([H])c([H])c([H])nc4c([H])c([H])c3c2c([H])c1[H],230.27,25.78,0,2,0,3.94
mol_658,PubChem,24180227,-7.604,9,0,[H]c1c([H])c(C([H])([H])[H])c([H])c2c1N([H])C(=O)[C@@]1([H])C([H])([H])C(=O)N([H])[C@@]21C([H])([H])[H],230.27,58.2,2,2,2,1.3
mol_112,PubChem,133658707,-7.996,9,28,[H]c1nc2c([C@]([H])(N([H])[H])C3([H])N([H])N([H])N([H])N3[H])c([H])c([H])c([H])c2c([H])c1[H],230.28,87.03,5,6,3,-0.32
mol_4342,PubChem,67476678,-7.023,9,0,[H]c1c(OC([H])([H])[H])c(C([H])([H])[H])c2[n-]c(C([H])(C([H])([H])[H])C([H])([H])[H])c([H])c(=O)c2c1[H],230.29,40.4,0,2,6,2.6
mol_4039,PubChem,15350035,-7.078,9,28,[H]c1c([H])c([H])c2c(c1[H])c([H])c([H])c1c([H])c([H])c3c([H])c([H])c([H])c([H])c3[n+]12,230.29,4.1,0,0,0,3.73
mol_4106,PubChem,168527702,-7.103,9,6,[H]c1oc(-c2c([H])c([H])c([N+](=O)[O-])c3nonc23)c([H])c1[H],231.17,95.2,0,6,2,2.39
mol_3313,PubChem,54765821,-7.074,9,22,[H]c1oc(C([H])([H])c2n[n-]c(=O)c3c(=O)n([H])n([H])c23)c([H])c1[H],231.19,105.85,2,4,2,-0.25
mol_590,PubChem,136102588,-7.36,9,44,[H]ON=C(C(=O)N([H])O[H])c1nc2c([H])c([H])c([H])c([H])c2c([H])c1[H],231.21,94.81,3,5,4,0.92
mol_751,PubChem,135750812,-7.356,9,56,[H]ON=C(C(=O)N([H])O[H])c1nc2c([H])c([H])c([H])c([H])c2c([H])c1[H],231.21,94.81,3,5,4,0.92
mol_2583,PubChem,18462569,-7.226,9,0,[H]c1c([O-])c([H])c2c(c1[H])c([H])c([C@]([H])(C(=O)[O-])C([H])([H])[H])c(=O)n2[H],231.21,96.05,1,4,3,-0.54
mol_2238,PubChem,137228085,-7.094,9,0,[H]C1=C([H])C([H])([H])[C@@]2([H])C(=O)[C@@]3([H])C(=O)[N-]C(=O)N([H])C3=[N+]([H])C2=C1[H],231.21,91.31,2,3,0,-1.25
mol_3868,PubChem,83895093,-7.161,9,0,[H]c1c([H])c([C@@]([H])(C(=O)[O-])N([H])[H])c2c(c1[H])c(C([H])([H])[H])c([H])c(=O)n2[H],231.23,99.01,2,4,4,-0.41
mol_2194,PubChem,154129732,-7.162,9,0,[H]C1=C([H])C(=O)c2c3c(c([H])c([H])c2=N1)=c1c([H])c([H])c([H])c([H])c1=C3[H],231.25,29.43,0,2,0,1.45
mol_178,PubChem,164670716,-7.33,9,11,[H]c1c([H])c([H])c2c(c1[H])N(C([H])([H])[H])C(=O)C([H])([H])[C@@]21C(=O)OC([H])([H])C1([H])[H],231.25,46.61,0,3,1,1.24
mol_1984,PubChem,150705907,-7.326,9,28,[H]C1=C([H])c2c(c([H])c([H])c3c4c(c([H])c([H])c23)=C([H])C([H])=C4[H])=NC1=O,231.25,29.43,0,1,0,1.82
mol_1105,PubChem,133638144,-7.518,9,33,[H]c1c([H])c([H])c2c(c1[H])c(=O)c([H])c([H])n2C([H])([H])C1([H])N([H])N([H])N([H])N1[H],231.26,70.12,4,5,2,-0.56
mol_4019,PubChem,126542780,-7.411,9,22,[H]c1nc2c(c([H])c1[H])C([H])([H])C([H])([H])c1c-2c([H])c([H])c2c([H])c([H])c([H])c([H])c12,231.3,12.89,0,1,0,4.0
mol_918,PubChem,129714602,-7.003,9,6,[H]c1c([H])c([H])c2c(c1[H])-c1c([H])c([H])c3c([H])c([H])c(C([H])([H])[H])nc3c1C2([H])[H],231.3,12.89,0,1,1,4.11
mol_2139,PubChem,177597633,-7.28,9,6,[H]c1c([H])c([H])c(-c2c3c(nc4c([H])c([H])c([H])c([H])c24)C([H])([H])C3([H])[H])c([H])c1[H],231.3,12.89,0,1,1,4.0
mol_2341,PubChem,129760370,-7.166,9,17,[H]C1=Nc2c(c([H])c([H])c3c2c([H])c([H])c2c([H])c([H])c([H])c([H])c23)C([H])([H])C1([H])[H],231.3,12.36,0,1,0,4.64
mol_3489,PubChem,129865027,-7.058,9,22,[H]C1=C([H])C2=C([H])C([H])=C3c4nc([H])c([H])c([H])c4C([H])=C([H])[C@]3([H])[C@@]2([H])C([H])=C1[H],231.3,12.89,0,1,0,3.79
mol_2898,PubChem,170710826,-7.112,9,11,[H]c1nc2c([H])c([H])c3c(c2c([H])c1[H])C([H])([H])C([H])([H])c1c([H])c([H])c([H])c([H])c1-3,231.3,12.89,0,1,0,4.0
mol_3195,PubChem,88013635,-7.097,9,22,[H]C#Cc1c([H])c([H])c2c(c1[H])N(c1c([H])c([H])c([H])c([H])c1[H])C([H])=C([H])C2([H])[H],231.3,3.24,0,1,1,3.88
mol_3935,PubChem,129857948,-7.245,9,17,[H]C1=NC(=O)c2c([H])c([H])c3c(c([H])c([H])c4c([H])c([H])c([H])nc43)c21,232.24,42.32,0,2,0,2.96
mol_2941,PubChem,143156281,-7.465,9,17,[H]OC([H])([H])c1oc(C2=C([H])[C@@]3([H])N([H])[N+]([H])=C(N([H])[H])[C@@]3([H])C([H])=C2[H])c([H])c1[H],232.26,85.39,4,4,3,-1.33
mol_250,PubChem,150293997,-7.699,9,6,[H]c1oc([H])c(-c2c([H])c([H])c([H])c3c2C([H])([H])c2c([H])c([H])c([H])c([H])c2-3)c1[H],232.28,13.14,0,1,1,4.52
mol_905,PubChem,90950839,-7.199,9,11,[H]c1oc(-c2c([H])c([H])c([H])c3c2C([H])([H])c2c([H])c([H])c([H])c([H])c2-3)c([H])c1[H],232.28,13.14,0,1,1,4.52
mol_664,PubChem,139957573,-7.562,9,11,[H]C1=C([H])[C@]([H])(c2c(C#N)c([H])c3nc([H])c([H])c([H])c3c2[H])C(C([H])([H])[H])=C1[H],232.29,36.68,0,2,2,3.71
mol_222,PubChem,129838681,-7.664,9,6,[H]C1=C([H])C([H])(c2nc3c([H])c([H])c([H])c([H])c3c3c([H])c([H])n([H])c23)C([H])=C1[H],232.29,28.68,1,1,1,3.93
mol_941,PubChem,68874987,-7.417,9,17,[H]c1nc2c(c([H])c1[H])c([H])c([H])c1c3c(c([H])c([H])c12)N=NC3=O,233.23,54.68,0,3,0,3.63
mol_4051,PubChem,84627416,-7.059,9,0,[H]c1c(F)c([H])c2c(c1[H])c([H])c(C([H])([H])C(=O)C([H])([H])[H])c(=O)n2C([H])([H])[H],233.24,39.07,0,2,4,1.81
mol_4752,PubChem,176005328,-7.123,9,11,[H]C1=c2c([H])c3c(c([H])c2=NC(=O)C1([H])[H])C([H])([H])c1c([H])c([H])c([H])c([H])c1-3,233.27,29.43,0,1,0,1.59
mol_1843,PubChem,87385037,-7.154,9,22,[H]C1=C([H])c2c([H])c([H])c3c4c(c([H])c([H])c3c2=C1[H])N([H])C(=O)C([H])([H])C=4[H],233.27,29.1,1,1,0,1.77
mol_911,PubChem,21453470,-7.228,9,0,[H]c1oc(-c2c([H])c([H])c([H])c3c4c([H])c([H])c([H])c([H])c4n([H])c23)c([H])c1[H],233.27,28.93,1,1,1,4.58
mol_2799,PubChem,21883350,-7.112,9,11,[H]c1nc2c([H])c([H])c3c(c2c([H])c1[H])C([H])([H])Oc1c([H])c([H])c([H])c([H])c1-3,233.27,22.12,0,2,0,3.79
mol_2331,PubChem,23378940,-7.094,9,0,[H]c1nc2c([H])c([H])c3c(c2c([H])c1[H])OC([H])([H])c1c([H])c([H])c([H])c([H])c1-3,233.27,22.12,0,2,0,3.79
mol_1335,PubChem,140229148,-7.433,9,11,[H]C1=C([H])N([H])[C@](C#N)(c2nc3c([H])c([H])c([H])c([H])c3c([H])c2[H])C([H])=C1[H],233.27,48.71,1,3,1,2.63
mol_2386,PubChem,67836242,-7.75,9,0,[H]N1C2=C(C(=O)C([H])([H])C1(C([H])([H])[H])C([H])([H])[H])C([H])([H])C([H])([H])c1c2n([H])c(=O)n1[H],233.27,77.75,3,3,2,0.7
mol_481,PubChem,168527004,-7.257,9,17,[H]c1oc(-c2c([H])c([H])c([H])c3c2c([H])c([H])c2c([H])c([H])c([H])n23)c([H])c1[H],233.27,17.55,0,1,1,4.35
mol_996,PubChem,21562193,-7.033,9,6,[H]C(=C1C(=O)C([H])([H])C(C([H])([H])[H])(C([H])([H])[H])N([H])C1(C([H])([H])[H])C([H])([H])[H])c1oc([H])c([H])c1[H],233.31,42.24,1,3,5,2.78
mol_1980,PubChem,144727454,-7.129,9,11,[H]C([H])=C1C([H])=C(c2c([H])c([H])c([H])c([H])c2[H])c2c([H])c(C([H])([H])[H])c([H])c([H])c2N1[H],233.31,12.03,1,1,2,4.37
mol_3963,PubChem,96070116,-7.014,9,44,[H]c1c([H])c([H])c([C@]([H])(c2nc3c([H])c([H])c([H])c([H])c3c([H])c2[H])C([H])([H])[H])c([H])c1[H],233.31,12.89,0,1,3,4.39
mol_3680,PubChem,54422152,-7.07,9,6,[H]C(=C1C(=O)C([H])([H])C(C([H])([H])[H])(C([H])([H])[H])N([H])C1(C([H])([H])[H])C([H])([H])[H])c1oc([H])c([H])c1[H],233.31,42.24,1,3,5,2.78
mol_2333,PubChem,129693779,-7.339,9,11,[H]c1c([H])c([H])c2c(c1[H])c([H])c([H])c1c3c(c([H])c([H])c12)N([H])C([H])([H])C([H])([H])C3([H])[H],233.31,12.03,1,1,0,4.35
mol_3896,PubChem,156272043,-7.025,9,6,[H]C([H])=C1C([H])=C([H])c2c([H])c([H])c([H])c([H])c2N1c1c([H])c([H])c([H])c([H])c1C([H])([H])[H],233.31,3.24,0,1,2,4.67
mol_2014,PubChem,156034762,-7.184,9,17,[H]C([H])=C1C(C([H])([H])[H])=C(c2c([H])c([H])c([H])c([H])c2[H])c2c([H])c([H])c([H])c([H])c2N1[H],233.31,12.03,1,1,2,4.45
mol_4611,PubChem,84628052,-7.599,9,17,[H]c1c2c(c([H])c3c1N([H])[C@@]([H])(C(=O)[O-])C([H])([H])C3([H])[H])OC([H])([H])C([H])([H])O2,234.23,70.62,1,5,1,-0.07
mol_2588,PubChem,137487941,-7.355,9,22,[H]O[C@@]([H])(c1c([H])c([H])c([O-])c2c1c([H])c([H])c(=O)n2[H])C([H])([H])N([H])N([H])[H],234.24,114.2,4,5,5,-0.9
mol_4025,PubChem,12223494,-7.048,9,6,[H]c1c([H])c([H])c2c(c1[H])c1c(c3c([H])c([H])c([H])c([H])c32)C([H])([H])OC1=O,234.25,26.3,0,2,0,3.66
mol_4647,PubChem,154092124,-7.133,9,11,[H]c1oc(-c2c([H])c([H])c([H])c3oc4c([H])c([H])c([H])c([H])c4c23)c([H])c1[H],234.25,26.28,0,2,1,4.85
mol_3671,PubChem,14006246,-7.091,9,6,[H]C1=C([H])C2(OC1=O)c1c([H])c([H])c([H])c([H])c1-c1c([H])c([H])c([H])c([H])c12,234.25,26.3,0,2,0,3.02
mol_4604,PubChem,12318243,-7.166,9,11,[H]c1c(C([H])([H])[H])nc2c(c([H])c([H])c3c([H])c([H])c([H])c([H])c32)c1N=[N+]=[N-],234.26,61.65,0,2,2,4.64
mol_1041,PubChem,23370172,-7.42,9,0,[H]c1oc([H])c(-c2c([H])c(C#N)nc3c([H])c(C([H])([H])[H])c([H])c([H])c23)c1[H],234.26,49.82,0,3,2,3.67
mol_4207,PubChem,151371623,-7.666,9,0,[H]c1c([H])c2c(c([H])c1F)C(=O)C([H])([H])C1(N2[H])C([H])([H])C([H])([H])N([H])C([H])([H])C1([H])[H],234.27,41.13,2,3,0,1.95
mol_2464,PubChem,12559469,-7.223,9,17,[H]c1c([H])c([H])c(-c2c([H])c([H])c([H])c3c(C([H])([H])[H])c([H])c(=O)[n-]c23)c([H])c1[H],234.28,31.17,0,1,2,3.13
mol_1442,PubChem,616488,-7.165,9,6,[H]c1c([H])c([H])c(-c2c(C([H])([H])[H])c(=O)[n-]c3c([H])c([H])c([H])c([H])c23)c([H])c1[H],234.28,31.17,0,1,2,3.13
mol_4233,PubChem,117193446,-7.289,8,25,[H]c1c([H])c2c(c([H])c1OC([H])([H])[H])C([H])([H])C([H])([H])[C@@](C(=O)[O-])(C([H])([H])C([H])([H])[H])N2[H],234.28,61.39,1,4,5,0.95
mol_4722,PubChem,102033550,-7.006,8,12,[H]c1nc2c([O-])c([H])c([H])c([H])c2c(-c2c([H])c([H])c([H])c([H])c2C([H])([H])[H])c1[H],234.28,35.95,0,2,2,3.28
mol_1092,PubChem,18987349,-7.343,9,11,[H]c1c([H])c([H])c(-c2c([H])c(=O)[n-]c3c([H])c(C([H])([H])[H])c([H])c([H])c23)c([H])c1[H],234.28,31.17,0,1,2,3.13
mol_2996,PubChem,1274005,-7.584,9,0,[H]c1c([H])c([H])c(-c2c([H])c(=O)[n-]c3c([H])c([H])c(C([H])([H])[H])c([H])c23)c([H])c1[H],234.28,31.17,0,1,2,3.13
mol_4780,PubChem,132263794,-7.063,9,0,[H]c1c([H])c([H])c(-c2c([H])c(C([H])([H])[H])c([H])c3c([H])c([H])c(=O)[n-]c23)c([H])c1[H],234.28,31.17,0,1,2,3.13
mol_1001,PubChem,136328785,-7.327,9,22,[H]c1nc2c([H])c([H])c([H])c(-c3c([H])c(C([H])([H])[H])c([H])c([H])c3[O-])c2c([H])c1[H],234.28,35.95,0,2,2,3.28
mol_1700,PubChem,69132144,-7.252,9,22,[H]c1nc2c([H])c([H])c([O-])c(-c3c([H])c([H])c([H])c([H])c3C([H])([H])[H])c2c([H])c1[H],234.28,35.95,0,2,2,3.28
mol_2809,PubChem,616489,-7.135,9,22,[H]c1c([H])c([H])c(-c2c(C([H])([H])[H])c3c([H])c([H])c([H])c([H])c3[n-]c2=O)c([H])c1[H],234.28,31.17,0,1,2,3.13
mol_3105,PubChem,21297635,-7.224,9,17,[H]c1c([H])c([H])c(N2c3c([H])c([H])c([H])c([H])c3C([H])([H])C([H])([H])C2([H])[H])c(C#N)c1[H],234.3,27.03,0,2,1,3.64
mol_370,PubChem,63357924,-7.46,9,0,[H]c1c(C2([H])C([H])([H])C2([H])[H])nc2c(c([H])c([H])c3c([H])c([H])c([H])c([H])c32)c1N([H])[H],234.3,38.91,1,2,2,3.85
mol_2643,PubChem,16125475,-7.188,9,0,[H]c1c([H])c([H])c2c(c1[H])c([H])c([H])c1c(N=[N+]=[N-])c([H])c(=O)[n-]c12,235.23,79.93,0,2,1,3.25
mol_1689,PubChem,105121616,-7.282,9,28,[H]c1nnc([H])c(C(=O)c2c([H])c([H])c3nc([H])c([H])c([H])c3c2[H])c1[H],235.25,55.74,0,4,2,2.26
mol_2129,PubChem,113678268,-7.253,9,22,[H]c1nnc([H])c(C(=O)c2c([H])nc3c([H])c([H])c([H])c([H])c3c2[H])c1[H],235.25,55.74,0,4,2,2.26
mol_818,PubChem,139230162,-7.525,9,0,[H]c1oc(-c2nnc3c([H])c([H])c4c([H])c([H])c([H])c([H])c4n23)c([H])c1[H],235.25,43.33,0,3,1,3.14
mol_1010,PubChem,167597520,-7.305,9,6,[H]c1c(F)c2c(c3c1OC([H])([H])C3([H])[H])N([H])C(C([H])([H])[H])(C([H])([H])[H])C(=O)C2([H])[H],235.26,38.33,1,3,2,2.08
mol_436,PubChem,101800578,-7.045,9,6,[H]c1nc([H])c(-c2c(C([H])([H])[H])c3c([H])c([H])c([H])c([H])c3[n-]c2=O)c([H])c1[H],235.27,44.06,0,2,2,2.53
mol_2347,PubChem,131864593,-7.232,8,19,[H]c1c([H])c([H])c(-c2c([H])c(=O)[n-]c3c([H])c([H])c(N([H])[H])c([H])c23)c([H])c1[H],235.27,57.19,1,2,2,2.41
mol_2405,PubChem,333985,-7.238,9,11,[H]c1c([H])c([H])c(-c2c([H])c(=O)[n-]c3c([H])c(N([H])[H])c([H])c([H])c23)c([H])c1[H],235.27,57.19,1,2,2,2.41
mol_903,PubChem,143375928,-7.102,9,11,[H]c1nc(-c2c([H])c(=O)[n-]c3c([H])c(C([H])([H])[H])c([H])c([H])c23)c([H])c([H])c1[H],235.27,44.06,0,2,2,2.53
mol_1805,PubChem,174599260,-7.246,9,11,[H]c1c(C(=O)C([H])([H])C([H])([H])[H])nc2c(c1[H])c([H])c([H])c1c([H])c([H])c([H])c([H])c12,235.29,29.96,0,2,3,3.98
mol_4854,PubChem,684365,-7.256,9,22,[H]c1c([H])c([H])c(-c2c([H])c(=O)n(C([H])([H])[H])c3c([H])c([H])c([H])c([H])c23)c([H])c1[H],235.29,22.0,0,1,2,3.21
mol_3406,PubChem,20675347,-7.161,9,6,[H]C1=C([H])C([H])([H])N([H])c2c([H])c([H])c3c(c21)C([H])([H])Oc1c([H])c([H])c([H])c([H])c1-3,235.29,21.26,1,2,0,3.68
mol_928,PubChem,269183,-7.421,9,33,[H]c1c([H])c([H])c(-n2c(=O)c([H])c(C([H])([H])[H])c3c([H])c([H])c([H])c([H])c32)c([H])c1[H],235.29,22.0,0,1,2,3.3
mol_1252,PubChem,14113898,-7.035,9,11,[H]c1c([H])c(-n2c(=O)c([H])c([H])c3c([H])c([H])c([H])c([H])c32)c([H])c(C([H])([H])[H])c1[H],235.29,22.0,0,1,2,3.3
mol_1235,PubChem,159167363,-7.048,9,6,[H]c1c(C([H])([H])C([H])([H])[H])nc2c(c1[H])c([H])c([H])c1c([H])c([H])c(C([H])([H])C([H])([H])[H])c([H])c12,235.33,12.89,0,1,4,4.51
mol_4348,PubChem,154233595,-7.089,9,0,[H]C1=C(C(F)(F)F)c2c1c(=O)[n-]c1c([H])c([H])c([H])c([H])c21,236.17,31.17,0,1,0,2.57
mol_3106,PubChem,58955250,-7.181,9,28,[H]c1nc2c([H])c([H])c(C(F)(F)C(=O)[N-]N([H])[H])c([H])c2c([H])c1[H],236.2,70.08,1,3,3,2.1
mol_2783,PubChem,129823724,-7.21,9,33,[H]c1nc2c([H])c([H])c3c([H])c(C(F)(F)F)n([H])c3c2c([H])c1[H],236.2,28.68,1,1,0,3.73
mol_2570,PubChem,103587076,-7.065,9,6,[H]c1c(C([H])([H])[H])c(F)c2c(=O)c([H])c(C([H])(C([H])([H])[H])C([H])([H])[H])[n-]c2c1F,236.24,31.17,0,1,4,2.87
mol_2263,PubChem,129744970,-7.156,9,22,[H]c1c(C([H])([H])C(=O)[O-])nc2c(c1[H])c([H])c([H])c1c([H])c([H])c([H])c([H])c12,236.25,53.02,0,3,2,1.68
mol_2251,PubChem,69132601,-7.434,9,11,[H]c1c([H])c([H])c(-c2c([H])c(=O)n([H])c3c([H])c([H])c([O-])c([H])c23)c([H])c1[H],236.25,55.92,1,2,1,2.27
mol_2668,PubChem,20077449,-7.123,9,6,[H]c1c([H])c([H])c(-c2c([H])c(=O)n([H])c3c([H])c([H])c([H])c([O-])c23)c([H])c1[H],236.25,55.92,1,2,1,2.27
mol_1053,PubChem,102515036,-7.397,9,6,[H]c1c([H])c([H])c(-c2c([O-])c(=O)n([H])c3c([H])c([H])c([H])c([H])c23)c([H])c1[H],236.25,55.92,1,2,1,2.27
mol_4363,PubChem,101272470,-7.024,9,11,[H]c1c([H])c([H])c(-c2c([H])c3c([O-])c([H])c([H])c([H])c3n([H])c2=O)c([H])c1[H],236.25,55.92,1,2,1,2.27
mol_3127,PubChem,58601207,-7.08,9,6,[H]C#Cc1c([H])c([H])c2c(c1[H])c1n[n-]c(C([H])([H])[H])c1c(=O)n2C([H])([H])[H],236.25,48.99,0,2,2,1.33
mol_4036,PubChem,136769571,-7.028,9,6,[H]c1nc2c([H])c([H])c([H])c(-c3nc(C([H])([H])[H])[n-]c(=O)c3[H])c2c([H])c1[H],236.25,56.95,0,3,2,1.92
mol_3958,PubChem,159227731,-7.042,8,25,[H]c1c([H])c([H])c(-c2c([H])c([H])c3c(=O)c([H])c([H])n([H])c3c2[O-])c([H])c1[H],236.25,55.92,1,2,1,2.27
mol_3629,PubChem,12197074,-7.047,9,0,[H]c1c(C([H])([H])[H])nc2c(c([H])c([H])c3c([H])c([H])c([H])c([H])c32)c1C(=O)[O-],236.25,53.02,0,3,2,2.06
mol_2833,PubChem,135850596,-7.18,9,6,[H]Oc1c([H])c([H])c([H])c2c([H])c([H])c(-c3c([H])c([H])c([H])c([H])c3[O-])nc12,236.25,56.18,1,3,2,2.68
mol_2280,PubChem,67206,-7.362,9,6,[H]c1c([H])c([H])c(-c2c([O-])c(=O)n([H])c3c([H])c([H])c([H])c([H])c23)c([H])c1[H],236.25,55.92,1,2,1,2.27
mol_4907,PubChem,176089289,-7.11,9,11,[H]C1=C([H])C2(N([H])c3c(F)c([H])c(F)c([H])c31)C([H])([H])C([H])([H])N([H])C([H])([H])C2([H])[H],236.27,24.06,2,2,0,2.53
mol_123,PubChem,90776516,-7.623,9,6,[H]c1c([C@]([H])(N=O)C([H])([H])[H])nc2c(c1[H])c([H])c([H])c1c([H])c([H])c([H])c([H])c12,236.27,42.32,0,3,3,4.22
mol_915,PubChem,20819975,-7.151,9,17,[H]c1nc(-n2c(=O)c([H])c([H])c3c([H])c([H])c([H])c([H])c32)c([H])c(C([H])([H])[H])c1[H],236.27,34.89,0,2,2,2.69
mol_729,PubChem,124115380,-7.207,9,6,[H]c1c(C(=O)N([H])[H])nc2c(c([H])c([H])c3c([H])c([H])c([H])c([H])c32)c1C([H])([H])[H],236.27,55.98,1,2,2,2.8
mol_4353,PubChem,86205172,-7.389,9,17,[H]c1c([H])c([H])c2c([H])c([H])c([C@]3(C#N)C(=O)C([H])([H])C([H])([H])C3([H])[H])nc2c1[H],236.27,53.75,0,3,1,2.75
mol_550,PubChem,173096442,-7.158,9,0,[H]ON=C([H])C([H])([H])c1nc2c(c([H])c1[H])c([H])c([H])c1c([H])c([H])c([H])c([H])c12,236.27,45.48,1,3,3,3.39
mol_32,PubChem,136403057,-8.399,9,6,[H]ON=C(c1nc2c(c([H])c1[H])c([H])c([H])c1c([H])c([H])c([H])c([H])c12)C([H])([H])[H],236.27,45.48,1,3,3,3.59
mol_3209,PubChem,144031394,-7.219,9,11,[H]c1c([H])c([H])c2c(c1[H])c([H])c([H])c1nc(N=NN([H])[H])c([H])c(C([H])([H])[H])c12,236.28,63.63,1,3,3,3.65
mol_4485,PubChem,84147045,-7.13,9,11,[H]c1nc([H])c(C#N)c(N2c3c([H])c([H])c([H])c([H])c3C([H])([H])C([H])([H])C2([H])[H])n1,236.28,52.81,0,4,1,2.43
mol_3383,PubChem,81221511,-7.081,9,22,[H]c1nc(-c2c([H])c([H])c([H])c3nc([H])c([H])c([H])c23)c(C([H])([H])[H])c(N([H])[H])n1,236.28,64.69,1,4,3,2.58
mol_2805,PubChem,143744580,-7.637,9,6,[H]c1c([H])c2c3c(c1[H])C([H])([H])C([H])([H])N([H])[C@]3([H])C([H])([H])c1c([H])c([H])c([O-])c([H])c1-2,236.29,35.09,1,2,0,2.17
mol_1688,PubChem,174448210,-7.029,9,28,[H]N=C1c2c(nc(C([H])([H])[H])c([H])c2[H])C([H])([H])[C@]([H])(c2c([H])c([H])c([H])c([H])c2[H])C1([H])[H],236.32,36.74,1,2,2,3.49
mol_473,PubChem,55045936,-7.34,9,0,[H]c1c(C([H])(C([H])([H])[H])C([H])([H])[H])nc2c(c([H])c([H])c3c([H])c([H])c([H])c([H])c32)c1N([H])[H],236.32,38.91,1,2,4,4.09
mol_1033,PubChem,123456893,-7.08,9,0,[H]C1=C(C([H])([H])[H])C([H])([H])c2c([H])c([H])c([H])c([H])c2N1c1nc(C([H])([H])[H])c([H])c([H])c1[H],236.32,16.13,0,2,3,3.99
mol_2881,PubChem,123806526,-7.018,9,17,[H]C1=C([H])[C@]([H])(C([H])([H])[H])c2c([H])c([H])c([H])c([H])c2N1c1nc(C([H])([H])[H])c([H])c([H])c1[H],236.32,16.13,0,2,3,4.16
mol_227,PubChem,459778,-7.689,9,0,[H]c1c([H])c([H])c2c(c1[H])c([H])c([H])c1c(=O)c([H])c(C(=O)[O-])[n-]c12,237.21,71.3,0,3,1,0.67
mol_90,PubChem,13371436,-7.416,9,0,[H]c1c([H])c([H])c2c(c1[H])c(-c1nn[n-]n1)c([H])c1nnnn12,237.21,95.85,0,6,1,0.09
mol_688,PubChem,153796524,-7.584,9,6,[H]c1c(C(=O)[O-])nc2c(c1[H])c([O-])c([H])c1c([H])c([H])c([H])c([H])c12,237.21,76.08,0,4,1,0.83
mol_2883,PubChem,158322318,-7.238,9,0,[H]c1c(C(=O)[O-])nc2c(c1[H])c([H])c([H])c1c([H])c([H])c([H])c([O-])c12,237.21,76.08,0,4,1,0.83
mol_1720,PubChem,129874972,-7.266,9,0,[H]c1nnn(-c2c([H])c3nnnn3c3c([H])c([H])c([H])c([H])c23)c1[H],237.23,73.79,0,5,1,0.86
mol_228,PubChem,163572099,-7.495,9,22,[H]c1nc2c([H])c([H])c([H])c([C@]34C(=O)[N-]C(=O)[C@@]3([H])C4([H])[H])c2c([H])c1[H],237.24,61.13,0,3,1,1.93
mol_846,PubChem,176429841,-7.496,9,22,[H]c1n[n-]c(N([H])[H])c1C(=O)c1nc2c([H])c([H])c([H])c([H])c2c([H])c1[H],237.24,82.97,1,4,3,1.4
mol_242,PubChem,57856039,-7.511,9,22,[H]c1nc2c([H])c([H])c([H])c([C@]34C(=O)[N-]C(=O)[C@@]3([H])C4([H])[H])c2c([H])c1[H],237.24,61.13,0,3,1,1.93
mol_4517,PubChem,172693899,-7.156,9,0,[H]c1n[n-]c([H])c1-c1nc2c([H])c([H])c([H])c([H])c2c([H])c1C(=O)N([H])[H],237.24,82.97,1,3,2,1.35
mol_764,PubChem,81220797,-7.488,9,22,[H]c1nc2c([H])c([H])c(C(=O)c3c([H])n[n-]c3N([H])[H])c([H])c2c([H])c1[H],237.24,82.97,1,4,3,1.4
mol_860,PubChem,81220874,-7.194,9,28,[H]c1nc2c([H])c(C(=O)c3c([H])n[n-]c3N([H])[H])c([H])c([H])c2c([H])c1[H],237.24,82.97,1,4,3,1.4
mol_1786,PubChem,134987039,-7.48,9,0,[H]c1nc([H])c(-c2c([O-])c(=O)n([H])c3c([H])c([H])c([H])c([H])c23)c([H])c1[H],237.24,68.81,1,3,1,1.66
mol_537,PubChem,65360340,-7.364,9,11,[H]c1n[n-]c(N([H])[H])c1C(=O)c1c([H])nc2c([H])c([H])c([H])c([H])c2c1[H],237.24,82.97,1,4,3,1.4
mol_545,PubChem,46398201,-7.362,9,0,[H]c1c(C(=O)[O-])nc2c(c([H])c([H])c3c([H])c([H])c([H])c([H])c32)c1N([H])[H],237.24,79.04,1,4,2,1.33
mol_4220,PubChem,3545335,-7.284,9,11,[H]c1c([H])c([H])c([C@]2([H])C(=O)c3c([H])c([H])c([H])c([H])c3N([H])C2=O)c([H])c1[H],237.26,46.17,1,2,1,2.61
mol_2370,PubChem,92504750,-7.264,9,17,[H]c1c([H])c([H])c([C@]2([H])C(=O)c3c([H])c([H])c([H])c([H])c3N([H])C2=O)c([H])c1[H],237.26,46.17,1,2,1,2.61
mol_4879,PubChem,388308,-7.057,9,6,[H]c1c(C([H])([H])[H])nc2c(c1[H])C(=O)c1c([H])c(C([H])([H])[H])c([H])c([H])c1C2=O,237.26,47.03,0,3,2,2.47
mol_3500,PubChem,59375959,-7.175,9,6,[H]c1c([H])c([H])c(-c2c([H])c([H])c([H])c3c2N([H])C(=O)C([H])([H])C3=O)c([H])c1[H],237.26,46.17,1,2,1,2.88
mol_4545,PubChem,141374435,-7.198,9,0,[H]c1nc2c([H])c([H])c3c(C(=O)OC([H])([H])[H])c([H])c([H])c([H])c3c2c([H])c1[H],237.26,39.19,0,3,2,3.17
mol_4538,PubChem,482710,-7.041,9,6,[H]OC1(c2c([H])nc3c([H])c([H])c([H])c([H])c3c2[H])C([H])=C([H])C(=O)C([H])=C1[H],237.26,50.19,1,3,2,2.12
mol_1868,PubChem,106886516,-7.069,9,22,[H]C(=O)c1oc([H])c([H])c1C([H])([H])c1nc2c([H])c([H])c([H])c([H])c2c([H])c1[H],237.26,43.1,0,3,3,3.23
mol_4345,PubChem,63866868,-7.025,9,17,[H]c1nc(-c2c([H])c([H])nc3c([H])c([H])c([H])c([H])c23)nc(N([H])N([H])[H])c1[H],237.27,76.72,2,5,3,1.98
mol_3628,PubChem,164745131,-7.154,9,22,[H]c1[c-][n+](-c2c([H])c([H])c(F)c(C([H])([H])[H])c2[H])c2c([H])c([H])c([H])c([H])c2c1[H],237.28,3.88,0,0,2,3.36
mol_2650,PubChem,172814062,-7.16,9,11,[H]c1c([H])c(F)c([H])c(C([H])([H])c2nc3c([H])c([H])c([H])c([H])c3c([H])c2[H])c1[H],237.28,12.89,0,1,2,3.96
mol_1348,PubChem,129874644,-7.666,9,11,[H]c1c(C(N([H])[H])=[N+]([H])N([H])[H])nc2c(c1[H])c([H])c([H])c1c([H])c([H])c([H])c([H])c12,237.29,78.9,3,2,2,0.05
mol_2158,PubChem,105499106,-7.004,9,0,[H]c1c([H])c([H])c([C@]2([H])c3c([H])c([H])c([H])c(C([H])([H])[H])c3N([H])C(=O)C2([H])[H])c([H])c1[H],237.3,29.1,1,1,2,3.47
mol_1489,PubChem,154029502,-7.053,9,0,[H]c1c([H])c([H])c2c(c1[H])Oc1c([H])c([H])c3c(c1C2([H])[H])N([H])C([H])([H])C([H])([H])C3([H])[H],237.3,21.26,1,2,0,3.74
mol_1667,PubChem,121503949,-7.11,9,11,[H]c1nc2c(C([H])([H])[H])c([H])c(C([H])([H])[H])c([H])c2c(-c2c([H])c([H])nn2C([H])([H])[H])c1[H],237.31,30.71,0,2,4,3.25
mol_2555,PubChem,144281092,-7.02,9,6,[H]c1c(C([H])([H])[H])c([H])c2c(nc([H])c3nc([H])n(C4([H])C([H])([H])C([H])([H])C4([H])[H])c32)c1[H],237.31,30.71,0,2,2,3.62
mol_2978,PubChem,145533695,-7.044,9,44,[H]c1nc2c([H])c([H])c(C(F)(F)C(=O)ON([H])[H])c([H])c2c([H])c1[H],238.19,65.21,1,4,3,1.74
mol_4905,PubChem,156311767,-7.22,9,17,[H]c1nc2c([H])c(-c3n[n-]nc3C(=O)[O-])c([H])c([H])c2c([H])c1[H],238.21,92.9,0,5,2,0.01
mol_2146,PubChem,175822773,-7.003,9,0,[H]C1=C([H])C([H])([H])C(=O)c2c1c([H])c([H])c1c([H])c([H])c(C(=O)[O-])nc21,238.22,70.09,0,4,1,1.2
mol_18,PubChem,169402282,-7.114,9,22,[H]c1nc2c(-c3n[n-]nc3C(=O)N([H])[H])c([H])c([H])c([H])c2c([H])c1[H],238.23,95.86,1,4,2,0.75
mol_2442,PubChem,63970335,-7.022,9,28,[H]c1nc2c(-c3nc([O-])c([H])c(=O)n3[H])c([H])c([H])c([H])c2c([H])c1[H],238.23,81.7,1,4,1,1.06
mol_1732,PubChem,57722986,-7.28,9,17,[H]c1c([H])c([H])c(-c2c([H])c([H])c([H])c3[n-]c(=O)c([H])c([H])c23)c(F)c1[H],238.24,31.17,0,1,1,2.96
mol_3611,PubChem,43322929,-7.155,8,19,[H]c1c([H])c([H])c(-c2c([H])c(=O)[n-]c3c(F)c([H])c([H])c([H])c23)c([H])c1[H],238.24,31.17,0,1,1,2.96
mol_888,PubChem,141228566,-7.185,9,0,[H]c1c([H])c([H])c(-c2c(F)c(=O)[n-]c3c([H])c([H])c([H])c([H])c23)c([H])c1[H],238.24,31.17,0,1,1,2.96
mol_3565,PubChem,83130983,-7.52,9,28,[H]c1nc2c(-c3c([H])c(F)c([H])c([H])c3[O-])c([H])c([H])c([H])c2c([H])c1[H],238.24,35.95,0,2,1,3.11
mol_4057,PubChem,44460166,-7.065,8,38,[H]c1nc2c([O-])c([H])c([H])c(-c3c([H])c([H])c([H])c([H])c3F)c2c([H])c1[H],238.24,35.95,0,2,1,3.11
mol_4375,PubChem,136328696,-7.472,9,33,[H]c1nc2c([H])c([H])c([H])c(-c3c([H])c(F)c([H])c([H])c3[O-])c2c([H])c1[H],238.24,35.95,0,2,1,3.11
mol_1121,PubChem,16059640,-7.545,9,28,[H]c1c([H])c(F)c([H])c(-c2c([H])c(=O)[n-]c3c([H])c([H])c([H])c([H])c23)c1[H],238.24,31.17,0,1,1,2.96
mol_1186,PubChem,19067587,-7.3,9,11,[H]c1c([H])c([H])c(-c2c([H])c(=O)[n-]c3c([H])c(F)c([H])c([H])c23)c([H])c1[H],238.24,31.17,0,1,1,2.96
mol_3544,PubChem,136328769,-7.435,9,17,[H]c1nc2c([H])c(-c3c([H])c(F)c([H])c([H])c3[O-])c([H])c([H])c2c([H])c1[H],238.24,35.95,0,2,1,3.11
mol_3477,PubChem,67756267,-7.094,9,0,[H]c1nc2c(c([H])c1C([H])([H])[H])c([H])c([H])c1c([H])c([H])c([N+](=O)[O-])c([H])c12,238.25,56.03,0,3,2,3.6
mol_2903,PubChem,71527815,-7.075,9,11,[H]c1c([H])c([H])c([C@]2([H])N([H])c3c([H])c([H])c([H])c([H])c3C(=O)C2([H])[H])c([O-])c1[H],238.27,52.16,1,3,1,2.5
mol_3220,PubChem,105501263,-7.055,9,11,[H]c1c([H])c([H])c([C@@]2([H])c3c([H])c([O-])c([H])c([H])c3N([H])C(=O)C2([H])[H])c([H])c1[H],238.27,52.16,1,2,1,2.23
mol_1061,PubChem,151458205,-7.143,9,33,[H]c1c([H])c(F)c([H])c(-c2c([H])c([H])c([H])c3c([H])c([H])c(N([H])[H])nc23)c1[H],238.27,38.91,1,2,2,3.62
mol_3049,PubChem,115042588,-7.036,9,11,[H]c1c([H])c(C([H])([H])[H])c2c(c1[H])c(C([H])([H])[H])c([H])c1nc(C(=O)C([H])([H])[H])c([H])n12,238.29,34.37,0,2,4,3.31
mol_1847,PubChem,156179510,-7.412,9,0,[H]c1nc(-c2c([H])c([H])c3c(c2[H])N([H])C(C([H])([H])[H])(C([H])([H])[H])C([H])([H])C3([H])[H])c([H])c([H])c1[H],238.33,24.92,1,2,3,3.89
mol_4170,PubChem,20029198,-7.274,8,12,[H]c1c([H])c([H])c2c(N([H])[H])c3c(nc2c1[H])C([H])([H])C1(C3([H])[H])C([H])([H])C([H])([H])C([H])([H])C1([H])[H],238.33,38.91,1,2,1,3.48
mol_1279,PubChem,135705331,-7.016,9,11,[H]c1c([H])c([H])c2c([H])c3c(=O)[n-]c(C(=O)N([H])[H])nc3nc2c1[H],239.21,100.04,1,4,1,0.2
mol_2379,PubChem,163383351,-7.194,9,6,[H]c1nc([H])c2c(n1)c(N([H])[H])nc1c([H])c([H])c(C(=O)[O-])c([H])c12,239.21,104.82,1,6,2,0.12
mol_2983,PubChem,70092680,-7.216,9,0,[H]c1c([H])c([H])c2c([H])c(C(=O)N([H])[H])c(-c3nn[n-]n3)nc2c1[H],239.22,108.75,1,5,2,0.14
mol_96,PubChem,174983702,-7.609,9,6,[H]OOC(=O)c1nc2c(c([H])c1[H])c([H])c([H])c1c([H])c([H])c([H])c([H])c12,239.23,59.42,1,4,2,3.02
mol_4682,PubChem,140226286,-7.138,9,6,[H]c1onc(-c2nc3c([H])c(C(=O)N([H])[H])c([H])c([H])c3c([H])c2[H])c1[H],239.23,82.01,1,4,2,1.99
mol_2262,PubChem,115043601,-7.232,9,0,[H]c1c(C(=O)[O-])c([H])c2c(c1[H])c(C([H])([H])[H])c([H])c1nc(C([H])([H])[H])c([H])n12,239.25,57.43,0,3,3,1.47
mol_1347,PubChem,142654826,-7.371,9,17,[H]c1c([H])c([H])c(-n2c(=O)c([H])c([H])c3c([H])c([H])c([H])c([H])c32)c(F)c1[H],239.25,22.0,0,1,1,3.13
mol_2950,PubChem,66884269,-7.082,9,28,[H]c1nc([H])c(-c2nc3c(N([H])[H])c([H])c([H])c([H])c3c([H])c2[H])c([H])c1F,239.25,51.8,1,3,2,3.02
mol_1649,PubChem,65362049,-7.117,9,17,[H]O[C@@]([H])(c1c([H])n[n-]c1N([H])[H])c1c([H])nc2c([H])c([H])c([H])c([H])c2c1[H],239.26,86.13,2,4,4,1.25
mol_1356,PubChem,75426308,-7.027,9,33,[H]c1c([H])c([H])c2c(C([H])([H])n3nnnc3C([H])([H])[H])c([H])c(C([H])([H])[H])nc2c1[H],239.28,56.49,0,4,4,1.89
mol_4372,PubChem,163249662,-7.493,9,0,[H]C1=C(C([H])([H])[H])C([H])([H])C([H])([H])C([H])=C1c1c([H])c([H])c2c(c1[H])N([H])C(=O)C([H])([H])C2([H])[H],239.32,29.1,1,1,2,3.69
mol_1274,PubChem,113359523,-7.446,9,0,[H]c1nc2c([H])c([H])c([H])c([H])c2c2c1N([H])C([H])([H])C1(N2[H])C([H])([H])C([H])([H])C([H])([H])C1([H])[H],239.32,36.95,2,3,0,3.39
mol_934,PubChem,21451348,-7.531,9,0,[H]c1c([H])c([H])c2c(nc([H])c3c(=O)c([H])c(C(=O)[O-])oc32)c1[H],240.19,83.23,0,5,1,0.7
mol_149,PubChem,172858084,-7.03,9,6,[H]c1oc2c([H])c([H])c3c(=O)c([H])c(C(=O)[O-])nc3c2c([H])c1[H],240.19,83.23,0,5,1,0.7
mol_2373,PubChem,43668256,-7.033,9,17,[H]c1c([H])c(C([H])([H])[H])c2c(=O)c([H])c(C(F)(F)F)[n-]c2c1C([H])([H])[H],240.2,31.17,0,1,2,2.79
mol_1426,PubChem,62810593,-7.08,9,17,[H]c1c(F)c(F)c2c(=O)c([H])c(C([H])(C([H])([H])[H])C([H])([H])[H])[n-]c2c1F,240.2,31.17,0,1,3,2.7
mol_2350,PubChem,164536987,-7.089,9,0,[H]c1c(C(=O)[O-])c([H])c2c(nc(N([H])[H])c3c(C([H])([H])[H])[n-]nc32)c1[H],240.22,106.03,1,5,3,-0.01
mol_4402,PubChem,101076441,-7.163,9,0,[H]c1c([N+](=O)[O-])c([H])c2c(c1[H])c([H])c([H])c1c([H])c([H])c([H])[n+]([O-])c12,240.22,70.08,0,3,1,2.53
mol_1040,PubChem,113844649,-7.071,9,17,[H]c1nc2c([H])c([H])c([H])c(-c3[n-]c(=O)nc([H])c3F)c2c([H])c1[H],240.22,56.95,0,3,1,1.75
mol_2824,PubChem,115044093,-7.179,8,0,[H]c1c(C([H])([H])[H])c([H])c2c([H])c([H])c3nnc(C([H])([H])C(=O)[O-])n3c2c1[H],240.24,70.32,0,4,3,0.48
mol_632,PubChem,19379412,-7.261,8,12,[H]c1oc([H])c(-c2c([H])c(=O)[n-]c3c([H])c(OC([H])([H])[H])c([H])c([H])c23)c1[H],240.24,53.54,0,3,3,2.43
mol_1885,PubChem,79778075,-7.239,9,6,[H]c1nc2c([H])c([H])c([H])c(N3C(=O)[N-]C(=O)C([H])([H])C3([H])[H])c2c([H])c1[H],240.24,64.37,0,3,1,2.47
mol_796,PubChem,81221756,-7.129,9,22,[H]c1nc2c([H])c([H])c([H])c(-c3nc(N([H])[H])nc([H])c3F)c2c([H])c1[H],240.24,64.69,1,4,2,2.41
mol_3034,PubChem,135623218,-7.258,9,0,[H]c1c([H])c(C([H])([H])C([H])([H])[H])c2c(c1[H])c(=O)c(-c1nn[n-]n1)c([H])n2[H],240.25,85.63,1,4,3,0.9
mol_413,PubChem,135974111,-7.395,9,11,[H]c1c([H])c(C([H])([H])[H])c2c([H])c(-c3nnn([H])n3)c(=O)[n-]c2c1C([H])([H])[H],240.25,85.63,1,4,3,0.95
mol_3088,PubChem,136314644,-7.138,9,6,[H]c1c([H])c(C([H])([H])C([H])([H])[H])c2c(c1[H])c([H])c(-c1nn[n-]n1)c(=O)n2[H],240.25,85.63,1,4,3,0.9
mol_514,PubChem,136314636,-7.202,9,17,[H]c1c(C([H])([H])[H])c([H])c2c([H])c(-c3nnn([H])n3)c(=O)[n-]c2c1C([H])([H])[H],240.25,85.63,1,4,3,0.95
mol_1015,PubChem,105254652,-7.227,9,50,[H]c1nn([H])nc1[C@]([H])(c1c([H])c([H])c([H])c2c([H])c([H])c([H])nc12)N([H])N([H])[H],240.27,92.51,3,5,4,0.91
mol_774,PubChem,55174407,-7.147,9,11,[H]c1c(-n2nnnc2[H])c(C([H])([H])[H])c2nc(N([H])[H])c(C([H])([H])[H])c([H])c2c1[H],240.27,82.51,1,5,4,1.41
mol_528,PubChem,113457556,-7.218,9,22,[H]c1nc2c(N([H])[H])c([H])c([H])c(-n3nnnc3C([H])([H])C([H])([H])[H])c2c([H])c1[H],240.27,82.51,1,5,4,1.36
mol_3999,PubChem,105254861,-7.306,9,22,[H]c1nn([H])nc1[C@@]([H])(c1c([H])c([H])c([H])c2nc([H])c([H])c([H])c12)N([H])N([H])[H],240.27,92.51,3,5,4,0.91
mol_3186,PubChem,105254688,-7.066,9,33,[H]c1nn([H])nc1[C@@]([H])(c1c([H])c([H])c2c([H])c([H])c([H])nc2c1[H])N([H])N([H])[H],240.27,92.51,3,5,4,0.91
mol_2124,PubChem,105254781,-7.602,9,33,[H]c1nn([H])nc1[C@@]([H])(c1c([H])nc2c([H])c([H])c([H])c([H])c2c1[H])N([H])N([H])[H],240.27,92.51,3,5,4,0.91
mol_3494,PubChem,105230397,-7.263,9,28,[H]c1nc([C@]([H])(c2c([H])c([H])c3c([H])c([H])c([H])nc3c2[H])N([H])N([H])[H])n([H])n1,240.27,92.51,3,5,4,0.91
mol_4516,PubChem,162938070,-7.156,9,0,[H]C1=C([H])C(C([H])([H])[H])(C([H])([H])[H])Oc2c1c(=O)[n-]c1c([H])c([H])c(C([H])([H])[H])c([H])c21,240.28,40.4,0,2,3,2.65
mol_2414,PubChem,110857076,-7.047,8,6,[H]c1n[n-]c(C(=O)N2c3c([H])c([H])c([H])c([H])c3C([H])([H])C([H])([H])C2([H])[H])c1C([H])([H])[H],240.29,47.3,0,2,2,1.94
mol_600,PubChem,154452906,-7.094,9,0,[H]C1=C(N([H])[H])N([H])C([H])=[N+]([H])[C@]1(c1c([H])nc2c([H])c([H])c([H])c([H])c2c1[H])N([H])[H],240.29,90.93,4,4,3,-1.14
mol_821,PubChem,63999417,-7.132,9,11,[H]c1n[n-]c(C([H])([H])[H])c1C(=O)N1c2c([H])c([H])c([H])c([H])c2C([H])([H])C([H])([H])C1([H])[H],240.29,47.3,0,2,2,1.94
mol_1080,PubChem,153702579,-7.404,9,11,[H]C1=C([H])[C@@](c2c([H])c([H])c3nc([H])c([H])c([H])c3c2[H])(N([H])[H])[N+]([H])=C(N([H])[H])N1[H],240.29,90.93,4,4,2,-1.14
mol_1231,PubChem,144432607,-7.555,9,11,[H]C1=C([H])N([H])[C@@](c2c([H])nc3c([H])c([H])c([H])c([H])c3c2[H])(N([H])[H])[N+]([H])=C1N([H])[H],240.29,90.93,4,4,2,-1.14
mol_4634,PubChem,144432609,-7.54,9,11,[H]C1=C([H])N([H])[C@](c2c([H])c([H])c3nc([H])c([H])c([H])c3c2[H])(N([H])[H])[N+]([H])=C1N([H])[H],240.29,90.93,4,4,2,-1.14
mol_4670,PubChem,91272123,-7.159,9,6,[H]c1c([H])c([H])c2c(nc([C@@]([H])(N([H])[H])C([H])(C([H])([H])[H])C([H])([H])[H])c3c2nc([H])n3[H])c1[H],240.31,67.59,2,3,5,2.77
mol_2122,PubChem,140982865,-7.52,9,6,[H]c1nc2c([H])c3c(c([H])c2c([H])c1[H])OC([H])([H])C31C([H])([H])C([H])([H])N([H])C([H])([H])C1([H])[H],240.31,34.15,1,3,0,2.25
mol_2895,PubChem,71378136,-7.019,9,11,[H]c1nc([H])c(-c2c([H])c(Cl)c([H])c3nc([H])c([H])c([H])c23)c([H])c1[H],240.69,25.78,0,2,1,3.95
mol_1834,PubChem,170657850,-7.222,9,6,[H]c1nc2c([H])c(C(=O)[O-])c([H])c([H])c2c2c1N([H])C(=O)C2=O,241.18,99.19,1,5,1,-0.27
mol_1446,PubChem,69455788,-7.088,9,0,[H]c1c([H])c([H])c2c(c1[H])c(C(=O)[N-]N([H])[H])c([H])c1n[n-]c(=O)n12,241.21,105.66,1,4,2,0.19
mol_2719,PubChem,163382629,-7.161,9,0,[H]c1c(C(=O)[O-])c([H])c2c(nc(N([H])[H])c3c2c([H])nn3C([H])([H])[H])c1[H],241.23,96.86,1,5,3,0.07
mol_1880,PubChem,90080720,-7.347,9,11,[H]c1nc2c([H])c([H])c([H])c([H])c2c([H])c1[C@@]1([H])OC(N([H])[H])=C([O-])C1=O,241.23,88.27,1,5,2,0.36
mol_4315,PubChem,21819385,-7.573,9,6,[H]c1c(C([H])([H])[H])c([H])c2c(N([H])[H])c3c(nc2c1[H])c(=O)[n-]c(=O)n3[H],241.23,102.94,2,4,2,0.28
mol_637,PubChem,90080975,-7.506,9,11,[H]c1c([H])c([H])c2c([H])c([H])c([C@@]3([H])OC(N([H])[H])=C([O-])C3=O)nc2c1[H],241.23,88.27,1,5,2,0.36
mol_3475,PubChem,90717639,-7.204,7,7,[H]c1nc2c([H])c(F)c([H])c([H])c2c(-c2c([H])c([H])c([H])c([H])c2F)c1[H],241.24,12.89,0,1,1,4.18
mol_1363,PubChem,146082731,-7.064,9,11,[H]c1nc2c(C([H])([H])n3c(C([H])([H])[H])noc3=O)c([H])c([H])c([H])c2c([H])c1[H],241.25,60.92,0,4,3,1.74
mol_3342,PubChem,12913146,-7.155,9,0,[H]c1c([H])c([H])c2c(nc([H])c3c2nc(N(C([H])([H])[H])C([H])([H])[H])n[n+]3[O-])c1[H],241.25,68.85,0,5,3,0.88
mol_1257,PubChem,143018685,-7.333,9,11,[H]N=C([H])C(=O)c1[n-]c2c(C([H])([H])[H])c(C([H])([H])[H])c(C([H])([H])[H])c([H])c2c(=O)c1[H],241.27,72.09,1,3,5,1.91
mol_2047,PubChem,138115517,-7.296,9,6,[H]C1=C(C([H])([H])C([H])([H])[H])Oc2c(c(=O)n(C([H])([H])[H])c3c([H])c([H])c([H])c([H])c23)C1([H])[H],241.29,31.23,0,2,3,2.77
mol_492,PubChem,103965059,-7.44,9,0,[H]c1nc2c([H])c([H])c([H])c([H])c2c2c1N([H])C([H])([H])[C@]1(N2[H])C([H])([H])OC([H])([H])C1([H])[H],241.29,46.18,2,4,0,2.23
mol_666,PubChem,72819,-7.221,9,6,[H]C1=C([H])C(C([H])([H])[H])(C([H])([H])[H])Oc2c1c(=O)n(C([H])([H])[H])c1c([H])c([H])c([H])c([H])c21,241.29,31.23,0,2,3,2.72
mol_1822,PubChem,10705274,-7.502,9,22,[H]c1c([H])c([H])c2c(c1[H])c1oc(C([H])(C([H])([H])[H])C([H])([H])[H])c([H])c1c(=O)n2C([H])([H])[H],241.29,35.14,0,2,4,3.41
mol_2180,PubChem,71405252,-7.399,9,0,[H]C1=C([H])C(C([H])([H])[H])(C([H])([H])[H])N([H])c2c([H])c([H])c3c(C([H])([H])[H])c([H])c(=O)oc3c21,241.29,42.24,1,3,3,3.32
mol_1298,PubChem,67697881,-7.268,9,11,[H]C1=C(C([H])([H])[H])c2c([H])c3c(c([H])c2=C([H])O1)N([H])C(C([H])([H])[H])(C([H])([H])[H])C([H])([H])C=3C([H])([H])[H],241.33,21.26,1,2,4,2.58
mol_3063,PubChem,10824037,-7.211,9,0,[H]c1c([H])c(C([H])([H])[H])c2c([H])c3c(nc2c1C([H])([H])[H])OC(C([H])([H])[H])(C([H])([H])[H])C([H])([H])C3([H])[H],241.33,22.12,0,2,4,3.96
mol_2758,PubChem,123869225,-7.094,8,12,[H]c1c([H])c([H])c2c3c(c(C([H])([H])[H])nc2c1[H])O[C@](C([H])([H])[H])(C([H])([H])C([H])([H])[H])C([H])([H])C3([H])[H],241.33,22.12,0,2,4,4.04
mol_2976,PubChem,135538609,-7.391,9,17,[H]Oc1c([O-])c2c([H])c(C(=O)[O-])n([H])c2c2c([H])c([H])c([H])nc12,242.19,112.1,2,5,2,-0.14
mol_2206,PubChem,136756930,-7.138,9,28,[H]c1c([H])c([H])c2c(c1[H])c([O-])c(-c1nnn([H])n1)c(=O)n2C([H])([H])[H],242.22,99.52,1,5,2,-0.21
mol_931,PubChem,137079309,-7.135,9,0,[H]c1c([H])c([H])c2c(c1[H])c1nc(N([H])N([H])[H])[n-]c(=O)c1c(=O)n2[H],242.22,114.97,3,5,2,-0.32
mol_1820,PubChem,165039600,-7.076,9,6,[H]C1=NC([H])([H])C(c2c([H])c([H])c3c(=O)c([H])c(N([H])[H])[n-]c3c2F)=C1[H],242.23,69.55,1,3,2,1.35
mol_1840,PubChem,105503627,-7.523,9,17,[H]c1nc([H])c([H])c([C@@]2([H])c3c([H])c(F)c([H])c([H])c3N([H])C(=O)C2([H])[H])c1[H],242.25,41.99,1,2,1,2.69
mol_2455,PubChem,89454444,-7.253,9,0,[H]c1nc([H])c(-c2c([H])c(F)c([H])c3c2N([H])C(=O)C([H])([H])C3([H])[H])c([H])c1[H],242.25,41.99,1,2,1,2.77
mol_1280,PubChem,105504249,-7.076,9,11,[H]c1n[n-]c([H])c1[C@@]1([H])c2c([H])c([H])c(OC([H])([H])[H])c([H])c2N([H])C(=O)C1([H])[H],242.26,65.32,1,3,3,1.52
mol_1128,PubChem,105504245,-7.088,9,11,[H]c1n[n-]c([H])c1[C@]1([H])c2c([H])c([H])c([H])c(OC([H])([H])[H])c2N([H])C(=O)C1([H])[H],242.26,65.32,1,3,3,1.52
mol_4201,PubChem,137260240,-7.081,9,6,[H]C1=C([H])[C@@]2([H])C(=C([H])C1=NC(=O)C([H])([H])[H])N([H])C(=O)C1=C2C([H])([H])C([H])([H])C1([H])[H],242.28,58.53,1,2,1,1.65
mol_3061,PubChem,162407246,-7.232,9,11,[H]c1c([H])c([H])c2c(c1[H])c([H])c([H])c1c(C#N)c3c([H])c([H])c([H])c([H])c3n12,242.28,28.2,0,1,0,4.12
mol_817,PubChem,61230305,-7.255,9,33,[H]c1c(F)nc(N2c3c([H])c([H])c(C([H])([H])[H])c([H])c3C([H])([H])C([H])([H])C2([H])[H])c([H])c1[H],242.3,16.13,0,2,2,3.61
mol_2615,PubChem,104031210,-7.229,9,11,[H]c1nc(F)c([H])c(N2c3c([H])c([H])c(C([H])([H])[H])c([H])c3C([H])([H])C([H])([H])C2([H])[H])c1[H],242.3,16.13,0,2,2,3.61
mol_3239,PubChem,151739701,-7.158,9,11,[H]C1=C([H])C([H])([H])C([H])([H])C2=C1C([H])=C([H])[C@]([H])(N([H])[H])N2c1c([H])c([H])c([H])c(F)c1[H],242.3,29.26,1,2,2,3.09
mol_3393,PubChem,167931397,-7.237,8,0,[H]c1nc2c([H])c(Cl)c(C([H])([H])[H])c([H])c2c(-c2c([H])n[n-]c2[H])c1[H],242.69,39.88,0,2,2,3.22
mol_4252,PubChem,162751021,-7.01,9,0,[H]c1n[n-]c([H])c1-c1c([H])c(Cl)nc2c([H])c(C([H])([H])[H])c([H])c([H])c12,242.69,39.88,0,2,2,3.22
mol_2388,PubChem,136335515,-7.159,9,6,[H]c1c([N+](=O)[O-])c([H])c2c3n[n-]c(C([H])([H])[H])c3c(=O)n([H])c2c1[H],243.2,102.99,1,4,2,1.25
mol_1075,PubChem,59535871,-7.495,8,6,[H]c1c([H])c([H])c2c(c1[H])N([H])C([H])([H])C1(C(=O)[N-]C(=O)[N-]C1=O)C2([H])[H],243.22,91.44,1,4,0,1.58
mol_636,PubChem,154649584,-7.435,9,11,[H]c1n[n-]c(-c2c([H])c([H])c3c(=O)c([H])c(N([H])[H])n([H])c3c2F)c1[H],243.22,85.87,2,3,2,1.27
mol_4118,PubChem,2817814,-7.067,9,6,[H]c1c([H])c([H])c2c(c1[H])c1c(c(=O)n2C([H])([H])[H])C(=O)C([H])([H])C(=O)O1,243.22,65.37,0,4,1,1.03
mol_2850,PubChem,143155966,-7.111,8,0,[H]ON([H])C(=O)c1c([H])c2c([H])c([H])c(C([H])([H])[H])c([H])c2n2nnnc12,243.23,92.41,2,5,3,0.7
mol_336,PubChem,135514559,-7.122,9,6,[H]ON([H])C(=O)c1c([H])c2c([H])c([H])c([H])c(C([H])([H])[H])c2n2nnnc12,243.23,92.41,2,5,3,0.7
mol_1281,PubChem,70113321,-7.076,9,0,[H]c1nnn(-n2c(=O)c([H])c([H])c3c([H])c(OC([H])([H])[H])c([H])c([H])c32)n1,243.23,74.83,0,5,3,0.31
mol_97,PubChem,162401551,-7.271,9,11,[H]c1c([H])c([H])c2c(c1[H])N(C([H])([H])[H])C(=O)C([H])([H])[C@@]21C(=O)[N-]C(=O)C1([H])[H],243.24,68.55,0,3,1,1.12
mol_2951,PubChem,121210383,-7.221,9,11,[H]c1c([H])c2c3c(c1[H])c([H])c([C@]([H])(C(=O)[O-])N([H])[H])c(=O)n3C([H])([H])C2([H])[H],243.24,88.15,1,4,3,-0.69
mol_530,PubChem,76331993,-7.839,8,6,[H]c1c2c(c3c([H])c([H])c(=O)oc3c1[H])C(=O)C([H])([H])C(C([H])([H])[H])(C([H])([H])[H])N2[H],243.26,59.31,1,4,2,2.57
mol_3173,PubChem,11514267,-7.146,9,0,[H]c1c2c(c3oc(=O)c([H])c(C(=O)C([H])([H])[H])c3c1[H])C([H])([H])C([H])([H])C([H])([H])N2[H],243.26,59.31,1,4,2,2.35
mol_1627,PubChem,143453795,-7.365,8,6,[H]C1=C([H])C(C([H])([H])[H])(C([H])([H])[H])N([H])c2c1c([H])c1c([H])c(F)c(=O)[n-]c1c2[H],243.26,43.2,1,2,2,2.51
mol_1116,PubChem,44606534,-7.344,9,0,[H]O[C@@]1(C([H])([H])[H])N([H])C2=C(C(=O)c3c([H])c([H])c([H])c([H])c3C2=O)C([H])([H])C1([H])[H],243.26,66.4,2,4,2,1.41
mol_2722,PubChem,110691934,-7.109,9,22,[H]c1c([H])c([H])c2c(c1[H])N(C(=O)c1nonc1C([H])([H])[H])C([H])([H])C([H])([H])C2([H])[H],243.27,59.23,0,4,2,1.97
mol_4558,PubChem,73301815,-7.199,9,22,[H]c1nc2c([H])c([H])c([H])c([H])c2c([H])c1N([H])C(=O)[C@]1([H])N([H])N([H])N([H])C1([H])[H],243.27,78.08,4,5,2,0.15
mol_2756,PubChem,115416238,-7.202,9,6,[H]c1nc(F)c([H])c(N2c3c([H])c([H])c([H])c([H])c3C([H])([H])C([H])([H])[C@@]2([H])C([H])([H])[H])n1,243.29,29.02,0,3,2,3.09
mol_59,PubChem,136669507,-7.857,9,6,[H]c1nc2c([H])c([H])c3[n-]c([H])c([H])c([H])c3c2c1-c1c([H])c([H])c([H])c([H])c1[H],243.29,26.99,0,1,1,4.01
mol_3248,PubChem,113305717,-7.212,9,11,[H]c1nc(F)c([H])c(N2c3c([H])c([H])c([H])c([H])c3C([H])([H])[C@]([H])(C([H])([H])[H])C2([H])[H])n1,243.29,29.02,0,3,2,2.95
mol_3112,PubChem,59629733,-7.102,9,22,[H]c1nc2c3c([H])c([H])c([H])c([H])c3c3c([H])c([H])c([H])c([H])c3c2c([H])c1C([H])([H])[H],243.31,12.89,0,1,1,4.85
mol_4011,PubChem,12996174,-7.082,9,33,[H]c1c([H])c([H])c(-c2c([H])c3c([H])c([H])c([H])c([H])c3n3c([H])c([H])c([H])c23)c([H])c1[H],243.31,4.41,0,0,1,4.76
mol_1019,PubChem,12970514,-7.467,9,39,[H]C1=C(c2c([H])c([H])c([H])c3c([H])c([H])c([H])nc23)c2c([H])c([H])c([H])c([H])c2C1([H])[H],243.31,12.89,0,1,1,4.22
mol_282,PubChem,177431487,-7.736,9,11,[H]c1c([H])c([H])c(-c2c([H])c([H])c3c([H])c([H])c4c([H])c([H])c([H])c([H])c4n23)c([H])c1[H],243.31,4.41,0,0,1,4.76
mol_2648,PubChem,129799882,-7.133,9,11,[H]c1nc2c(c([H])c1C([H])([H])[H])c([H])c([H])c1c3c([H])c([H])c([H])c([H])c3c([H])c([H])c21,243.31,12.89,0,1,1,4.85
mol_1120,PubChem,142969578,-7.234,8,0,[H]c1c(C([H])(C([H])([H])[H])C([H])([H])[H])nc2c3c(c(C([H])([H])[H])c([H])c2c1C([H])([H])[H])OC([H])([H])O3,243.31,31.35,0,3,5,3.7
mol_1221,PubChem,129648835,-7.375,9,11,[H]c1nc2c([H])c([H])c3c([H])c4c([H])c([H])c([H])c([H])c4c([H])c3c2c(C([H])([H])[H])c1[H],243.31,12.89,0,1,1,4.85
mol_3303,PubChem,9816261,-7.146,9,11,[H]c1c(Cl)c([H])c2c([H])c([H])c3c(c([H])c([H])c(=O)n3C([H])([H])[H])c2c1[H],243.69,22.0,0,1,1,3.35
mol_2002,PubChem,4180442,-7.287,8,6,[H]Oc1c([H])c([H])c([O-])c2c1c(=O)c([H])c(C(F)(F)F)n2[H],244.15,76.15,2,3,1,1.33
mol_383,PubChem,103587079,-7.011,8,6,[H]c1c(C([H])([H])[H])c(F)c2c(=O)c([H])c(C([H])(F)F)[n-]c2c1F,244.17,31.17,0,1,2,2.68
mol_902,PubChem,121502336,-7.586,9,11,[H]c1nc2c(F)c([H])c(F)c([H])c2c(-c2c([H])n[n-]c2C([H])([H])[H])c1[H],244.22,39.88,0,2,2,2.84
mol_2761,PubChem,121210386,-7.157,9,11,[H]O[C@@]([H])(C(=O)[O-])c1c([H])c2c([H])c([H])c([H])c3c2n(c1=O)C([H])([H])C3([H])[H],244.23,82.36,1,4,3,-0.66
mol_1341,PubChem,57836753,-7.014,9,6,[H]c1c2c(c3[n-]c(C(=O)OC([H])([H])[H])c([H])c(=O)c3c1[H])C([H])([H])C([H])([H])O2,244.23,66.7,0,4,2,0.88
mol_326,PubChem,62890888,-7.237,9,0,[H]c1c(C([H])(F)F)nc2c(c([H])c([H])c3c([H])c([H])c([H])c([H])c32)c1N([H])[H],244.24,38.91,1,2,2,3.91
mol_1944,PubChem,166047857,-7.016,9,11,[H]c1c([H])c2c(c([H])c1-c1nc(C([H])([H])[H])[n-]c1F)C([H])([H])C([H])([H])C(=O)N2[H],244.25,56.09,1,2,2,2.04
mol_4392,PubChem,17085493,-7.076,9,33,[H]c1c([H])c([H])c2c(c1[H])N(C(=O)c1nonc1N([H])[H])C([H])([H])C([H])([H])C2([H])[H],244.25,85.25,1,5,2,1.24
mol_4336,PubChem,15154588,-7.074,9,6,[H]c1nc2c(C#N)c3c([H])c([H])c4c([H])c([H])c([H])c([H])c4n3c2nc1[H],244.26,53.98,0,3,0,2.91
mol_940,PubChem,53439446,-7.654,9,17,[H]c1nc2c(C(=O)N([H])C3([H])N([H])N([H])N([H])N3[H])c([H])c([H])c([H])c2c([H])c1[H],244.26,90.11,5,6,2,-0.63
mol_3618,PubChem,43841285,-7.075,9,11,[H]c1c([H])c([H])c2c(c1[H])N(C1=[N+]([H])C(=O)C([H])([H])C(=O)N1[H])C([H])([H])C([H])([H])C2([H])[H],244.27,63.38,2,3,0,-1.08
mol_3594,PubChem,71324528,-7.218,8,12,[H]c1[n-]c2c(c([H])c([H])c3c([H])c4c([H])c([H])c([H])c([H])c4c([H])c32)c(=O)c1[H],244.27,31.17,0,1,0,3.46
mol_1047,PubChem,87813810,-7.582,9,22,[H]c1c([H])c([H])c2c(c1[H])c([H])c([H])c1c3c([H])c([H])c(=O)[n-]c3c([H])c([H])c21,244.27,31.17,0,1,0,3.46
mol_1804,PubChem,88421767,-7.24,9,0,[H]c1[n-]c2c([H])c([H])c3c([H])c4c([H])c([H])c([H])c([H])c4c([H])c3c2c(=O)c1[H],244.27,31.17,0,1,0,3.46
mol_3168,PubChem,117689117,-7.179,9,6,[H]c1c([H])c([H])c2c(c1[H])c1[n-]c(=O)c([H])c([H])c1c1c([H])c([H])c([H])c([H])c21,244.27,31.17,0,1,0,3.46
mol_1555,PubChem,132988850,-7.279,9,0,[H]O[C@]1([H])C([H])([H])c2c([n-]c3c([H])c([H])c([H])c([H])c3c2=O)OC1(C([H])([H])[H])C([H])([H])[H],244.27,60.63,1,3,3,1.23
mol_3794,PubChem,219962,-7.138,9,0,[H]c1nc2c3c([H])c([H])c([H])c([H])c3c3c([H])c([O-])c([H])c([H])c3c2c([H])c1[H],244.27,35.95,0,2,0,3.61
mol_4024,PubChem,154351458,-7.101,9,17,[H]c1[n-]c2c(c([H])c([H])c3c4c([H])c([H])c([H])c([H])c4c([H])c([H])c23)c(=O)c1[H],244.27,31.17,0,1,0,3.46
mol_1936,PubChem,16641441,-7.199,9,0,[H]O[N+]([H])=C(c1c([H])c2c([H])c([H])c([H])c3c2n(c1=O)C([H])([H])C([H])([H])C3([H])[H])N([H])[H],244.27,82.22,3,2,2,-0.88
mol_1303,PubChem,117365146,-7.117,9,28,[H]c1noc(N([H])[H])c1-c1c([H])c([H])c2c(c1[O-])C([H])([H])C([H])([H])C([H])([H])N2C([H])([H])[H],244.27,78.35,1,5,3,1.38
mol_822,PubChem,13573269,-7.024,9,50,[H]c1c([H])c([H])c(-c2n[n-]c3c2c([H])nc2c([H])c([H])c([H])c([H])c23)c([H])c1[H],244.28,39.88,0,2,1,3.41
mol_2058,PubChem,13244325,-7.227,9,17,[H]c1c([H])c([H])c(-c2[n-]nc3nc4c([H])c([H])c([H])c([H])c4c([H])c23)c([H])c1[H],244.28,39.88,0,2,1,3.41
mol_584,PubChem,62203562,-7.193,9,11,[H]c1c(C([H])(C([H])([H])[H])C([H])([H])[H])nc2c([H])c3c(c([H])c2c1N([H])[H])OC([H])([H])C([H])([H])O3,244.29,57.37,1,4,4,2.71
mol_4486,PubChem,10243546,-7.038,9,17,[H]c1nc2c([H])c([H])c([H])c([H])c2c([H])c1-c1c([H])n([H])c2c([H])c([H])c([H])c([H])c12,244.3,28.68,1,1,1,4.38
mol_1749,PubChem,141359505,-7.131,9,56,[H]c1nc2c(-c3c4c([H])c([H])c([H])c([H])c4c([H])n3[H])c([H])c([H])c([H])c2c([H])c1[H],244.3,28.68,1,1,1,4.38
mol_1679,PubChem,140139894,-7.429,9,17,[H]c1nc2c([H])c(-c3c([H])c([H])c([H])c([H])c3[H])c3c([H])c([H])c([H])c([H])c3n2c1[H],244.3,17.3,0,1,1,4.15
mol_333,PubChem,137193096,-7.183,9,0,[H]c1c([H])c([H])c2c(c1[H])[N+]([H])=C1[N+]([H])=C(N([H])[H])N([H])C(=O)[C@@]1(C([H])([H])C([H])([H])[H])C2([H])[H],244.3,83.06,4,2,2,-2.73
mol_1165,PubChem,166624725,-7.011,9,17,[H]C1=C([H])c2c(nc3c([H])c([H])c([H])c([H])c3c2[H])N([H])c2c([H])c([H])c([H])c([H])c21,244.3,24.92,1,2,0,4.46
mol_1141,PubChem,71514620,-7.394,9,22,[H]c1nc2c([H])c([H])c(-c3c([H])c([H])c([H])c(C([H])([H])[H])c3[H])c(C#N)c2c([H])c1[H],244.3,36.68,0,2,2,4.08
mol_3091,PubChem,53763579,-7.0,9,33,[H]c1nc2c([H])c([H])c([H])c([H])c2c([H])c1-c1c2c([H])c([H])c([H])c([H])c2c([H])n1[H],244.3,28.68,1,1,1,4.38
mol_2291,PubChem,10083186,-7.778,9,11,[H]c1c([H])c([H])c(-c2nc([H])c3c([H])c([H])c4c([H])c([H])c([H])c([H])c4n23)c([H])c1[H],244.3,17.3,0,1,1,4.15
mol_2935,PubChem,71514619,-7.126,9,17,[H]c1nc2c([H])c([H])c(-c3c([H])c([H])c([H])c([H])c3C([H])([H])[H])c(C#N)c2c([H])c1[H],244.3,36.68,0,2,2,4.08
mol_4191,PubChem,12571500,-7.275,9,22,[H]c1nc2c([H])c([H])c3c([H])c4c([H])c(C([H])([H])[H])nc([H])c4c([H])c3c2c([H])c1[H],244.3,25.78,0,2,1,4.24
mol_1926,PubChem,129800039,-7.189,8,0,[H]c1nc2c([H])c([H])c3c([H])c4c([H])c([H])c([H])c([H])c4c([H])c3c2c([H])c1N([H])[H],244.3,38.91,1,2,1,4.12
mol_4454,PubChem,140689966,-7.051,9,33,[H]c1c([H])c([H])c2c([H])c([H])c(-c3c([H])c([H])c([H])c4c([H])c([H])n([H])c34)nc2c1[H],244.3,28.68,1,1,1,4.38
mol_1052,PubChem,139917584,-7.237,9,6,[H]c1c([H])c([H])c(-n2c([H])c([H])c3c([H])nc4c([H])c([H])c([H])c([H])c4c32)c([H])c1[H],244.3,17.82,0,1,1,4.18
mol_4767,PubChem,82664652,-7.073,9,6,[H]c1c(F)c([H])c2c([C@@]3(C([H])([H])[H])N([H])C([H])([H])C([H])([H])C3([H])[H])c([H])c(C([H])([H])[H])nc2c1[H],244.31,24.92,1,2,3,3.28
mol_1570,PubChem,154294253,-7.393,9,22,[H]c1c([H])c([H])c2c(c1[H])c([H])c([H])c1c2c([H])c([H])c2c([H])c([H])c([H])[n+](C([H])([H])[H])c21,244.32,3.88,0,0,1,3.97
mol_4755,PubChem,153778710,-7.277,9,0,[H]C1=C([H])[C@](Cl)(C(=O)[O-])N([H])c2c([H])c(F)c(F)c([H])c21,244.6,52.16,1,3,1,1.09
mol_4481,PubChem,21855750,-7.053,9,6,[H]c1c([H])c([H])c2c(nc([H])c3c(C([H])([H])[H])c(C([H])([H])C([H])([H])[H])n([H])c32)c1Cl,244.73,28.68,1,1,3,4.24
mol_2885,PubChem,142940246,-7.049,9,6,[H]c1c(F)c([H])c2c(c1[H])c(C(=O)[O-])c([H])c1n[n-]c(=O)n12,245.17,88.6,0,4,1,-0.69
mol_4104,PubChem,71035371,-7.342,9,0,[H]c1c([H])c(F)c2c(=O)c3c([n-]c2c1[H])[C@@]([H])(C(=O)N([H])[H])C([H])([H])C3([H])[H],245.23,74.26,1,2,1,0.81
mol_2775,PubChem,18462669,-7.009,9,6,[H]c1c(OC([H])([H])[H])c([H])c2[n-]c(=O)c([C@]([H])(C(=O)[O-])C([H])([H])[H])c([H])c2c1[H],245.23,80.53,0,4,5,0.02
mol_4153,PubChem,135070008,-7.473,9,0,[H]c1c([H])c([H])c(-c2c([H])c(=O)[n-]c3c([H])c([H])c([N+]#[C-])c([H])c23)c([H])c1[H],245.26,35.53,0,1,1,3.37
mol_2385,PubChem,121337979,-7.242,9,17,[H]c1c([H])c([H])c(-c2c(C#N)c3c([H])c([H])c([H])c([H])c3[n-]c2=O)c([H])c1[H],245.26,54.96,0,2,1,2.7
mol_4812,PubChem,9813609,-7.02,9,0,[H]c1c([H])c([H])c(-c2c(C#N)c(=O)[n-]c3c([H])c([H])c([H])c([H])c23)c([H])c1[H],245.26,54.96,0,2,1,2.7
mol_543,PubChem,135069842,-7.303,9,22,[H]c1c([H])c([H])c(-c2c([H])c(=O)[n-]c3c([H])c([N+]#[C-])c([H])c([H])c23)c([H])c1[H],245.26,35.53,0,1,1,3.37
mol_715,PubChem,46703269,-7.39,9,11,[H]c1c([H])c([H])c(-c2c([H])c(=O)[n-]c3c([H])c(C#N)c([H])c([H])c23)c([H])c1[H],245.26,54.96,0,2,1,2.7
mol_4542,PubChem,68878781,-7.385,9,44,[H]c1nc2c(C#N)c([H])c([H])c([H])c2c(-c2c([H])c([H])c([H])c([O-])c2[H])c1[H],245.26,59.74,0,3,1,2.85
mol_4459,PubChem,168604165,-7.128,9,6,[H]c1c([N+]([H])=C(N([H])[H])[N+]([H])=C(N([H])[H])N([H])[H])c([H])c2[n-]c(=O)c([H])c([H])c2c1[H],245.27,137.17,5,1,1,-4.46
mol_1466,PubChem,72701510,-7.034,9,33,[H]c1c([H])c([H])c(-c2nc3c([H])c([H])c([H])c([H])c3c3n[n-]nc23)c([H])c1[H],245.27,52.77,0,3,1,2.8
mol_3898,PubChem,117370278,-7.004,9,28,[H]c1c([H])c(C2(C(=O)[O-])C([H])([H])C2([H])[H])c([O-])c2c1N(C([H])([H])[H])C([H])([H])C([H])([H])C2([H])[H],245.28,66.43,0,4,3,-0.08
mol_802,PubChem,88519712,-7.04,9,11,[H]C1=c2c([H])c3c([H])c([H])c4nc([H])c([H])c([H])c4c3c([H])c2=C([H])C([H])([H])C1=O,245.28,29.96,0,2,0,1.92
mol_1203,PubChem,12264100,-7.329,9,6,[H]c1oc2nc3c([H])c([H])c([H])c([H])c3c(-c3c([H])c([H])c([H])c([H])c3[H])c2c1[H],245.28,26.03,0,2,1,4.65
mol_3550,PubChem,23369694,-7.418,9,6,[H]c1c2c(c3c([H])c([H])c(=O)n([H])c3c1C([H])([H])[H])O[C@@]([H])(C([H])([H])N([H])N([H])[H])C2([H])[H],245.28,80.14,3,4,4,0.6
mol_859,PubChem,67391367,-7.309,9,6,[H]c1nc2c([H])c([H])c3c(c2c([H])c1[H])C(=O)C([H])([H])c1c([H])c([H])c([H])c([H])c1-3,245.28,29.96,0,2,0,3.64
mol_897,PubChem,87382626,-7.331,9,6,[H]C1=C([H])C([H])([H])N=c2c([H])c([H])c3c(c21)C(=O)C([H])=c1c([H])c([H])c([H])c([H])c1=3,245.28,29.43,0,2,0,1.6
mol_1887,PubChem,87708343,-7.148,9,0,[H]C1=Nc2c([H])c([H])c3c([H])c4c([H])c([H])c([H])c([H])c4c([H])c3c2C(=O)C1([H])[H],245.28,29.43,0,2,0,4.28
mol_2961,PubChem,129632397,-7.054,9,11,[H]C1=Nc2c(c([H])c([H])c3c2c([H])c([H])c2c([H])c([H])c([H])c([H])c23)C(=O)C1([H])[H],245.28,29.43,0,2,0,4.28
mol_430,PubChem,137321314,-7.469,9,0,[H]C1=C([H])c2c(c([H])c3c([H])c([H])c4nc([H])c([H])c([H])c4c3c2[H])C([H])([H])C1=O,245.28,29.96,0,2,0,3.53
mol_3548,PubChem,906373,-7.084,9,11,[H]c1c([H])c([H])c2c(c1[H])C(=O)c1c([H])c([H])c([H])c3nc(C([H])([H])[H])c([H])c-2c13,245.28,29.96,0,2,1,3.75
mol_755,PubChem,164579795,-7.524,9,6,[H]c1nc2c(c([H])c1[H])c([H])c(-c1c([H])oc([H])c1[H])c1c([H])c([H])c([H])c([H])c12,245.28,26.03,0,2,1,4.65
mol_1386,PubChem,4564015,-8.252,9,6,[H]c1c([H])c([H])c(-c2nnc3c([H])c([H])c4c([H])c([H])c([H])c([H])c4n23)c([H])c1[H],245.29,30.19,0,2,1,3.55
mol_3530,PubChem,13244323,-7.11,9,6,[H]c1c([H])c([H])c(-n2nc([H])c3c([H])c4c([H])c([H])c([H])c([H])c4nc32)c([H])c1[H],245.29,30.71,0,2,1,3.57
mol_350,PubChem,69399279,-7.523,9,11,[H]c1c([H])c([H])c(-n2nc([H])c3c([H])nc4c([H])c([H])c([H])c([H])c4c32)c([H])c1[H],245.29,30.71,0,2,1,3.57
mol_1859,PubChem,91151000,-7.417,9,0,[H]c1c([H])c([H])c(-c2c([H])c3nnc([H])n3c3c([H])c([H])c([H])c([H])c23)c([H])c1[H],245.29,30.19,0,2,1,3.55
mol_2289,PubChem,15620340,-7.047,9,28,[H]c1c([H])c([H])c(-c2nnn3c2c([H])c([H])c2c([H])c([H])c([H])c([H])c23)c([H])c1[H],245.29,30.19,0,2,1,3.55
mol_384,PubChem,13958368,-7.11,9,17,[H]c1c([H])c([H])c(-n2c([H])nc3c([H])nc4c([H])c([H])c([H])c([H])c4c32)c([H])c1[H],245.29,30.71,0,2,1,3.57
mol_155,PubChem,56636080,-7.594,8,6,[H]C1=C(C([H])([H])[H])C([H])([H])C(C([H])([H])[H])=C2C1=NC(=O)C(C1([H])N([H])N([H])N([H])N1[H])=C2[H],245.29,77.55,4,5,3,0.0
mol_4501,PubChem,3659483,-7.033,9,22,[H]c1c2c(c([H])c(C([H])([H])[H])c1C([H])([H])[H])C([H])([H])c1c-2nc2c([H])c([H])c([H])c([H])c2c1[H],245.33,12.89,0,1,2,4.42
mol_675,PubChem,173552432,-7.291,9,11,[H]c1nc2c([H])c([C@@]3([H])c4c([H])c([H])c([H])c([H])c4C([H])([H])C3([H])[H])c([H])c([H])c2c([H])c1[H],245.33,12.89,0,1,1,4.31
mol_2645,PubChem,2465673,-7.183,9,11,[H]c1c([H])c([H])c(-c2c3c(nc4c([H])c([H])c([H])c([H])c24)C([H])([H])C([H])([H])C3([H])[H])c([H])c1[H],245.33,12.89,0,1,1,4.39
mol_2772,PubChem,161880603,-7.014,9,6,[H]c1c2c(c([H])c(C([H])([H])[H])c1C([H])([H])[H])C([H])([H])c1nc3c([H])c([H])c([H])c([H])c3c([H])c1-2,245.33,12.89,0,1,2,4.42
mol_3289,PubChem,618612,-7.225,9,0,[H]c1c([H])c([H])c2c(c1[H])-c1c(c([H])c3nc(C([H])([H])[H])c([H])c(C([H])([H])[H])c3c1[H])C2([H])[H],245.33,12.89,0,1,2,4.42
mol_4716,PubChem,5930241,-7.025,9,17,[H]C(=C([H])c1c([H])c([H])c([H])c(C([H])([H])[H])c1[H])c1nc2c([H])c([H])c([H])c([H])c2c([H])c1[H],245.33,12.89,0,1,3,4.71
mol_3192,PubChem,18929961,-7.398,9,0,[H]c1c(F)c([H])c2c(c1[H])c(=O)c1c(=O)n([H])[n-]c(=O)c1n2[H],246.18,96.89,2,3,0,-0.17
mol_1317,PubChem,92030555,-7.643,9,22,[H]C1=C([H])c2c(c([H])c([H])c3c2c([H])c([H])c2[n-]c(=O)c([H])c([H])c23)C1=O,246.25,48.24,0,2,0,2.52
mol_2989,PubChem,168434463,-7.042,9,6,[H]c1nc2c3c(c([H])c([H])c([H])c3c1[H])-c1c([H])c([O-])c([H])c([H])c1C2=O,246.25,53.02,0,3,0,2.52
mol_4395,PubChem,155288921,-7.284,9,11,[H]C1=C([O-])C(=O)N=c2c1c([H])c([H])c1c2=C([H])c2c([H])c([H])c([H])c([H])c2-1,246.25,52.49,0,2,0,0.36
mol_204,PubChem,95429090,-7.919,9,0,[H]c1c([H])c2c(c([H])c1OC([H])([H])[H])N([H])C([H])([H])C([H])([H])[C@]21C(=O)[N-]C(=O)N1[H],246.25,81.53,2,4,2,1.33
mol_3507,PubChem,68822411,-7.381,9,6,[H]c1nc([H])c([H])c(-n2c([H])nc3c([H])nc4c([H])c([H])c([H])c([H])c4c32)c1[H],246.27,43.6,0,3,1,2.97
mol_252,PubChem,68818577,-7.219,8,12,[H]c1nc([H])c(-n2c([H])nc3c([H])nc4c([H])c([H])c([H])c([H])c4c32)c([H])c1[H],246.27,43.6,0,3,1,2.97
mol_3068,PubChem,39826631,-8.008,9,17,[H]c1nc([H])c([H])c(-c2nnc3c([H])c([H])c4c([H])c([H])c([H])c([H])c4n23)c1[H],246.27,43.08,0,3,1,2.94
mol_3184,PubChem,831003,-8.112,9,0,[H]c1nc([H])c(-c2nnc3c([H])c([H])c4c([H])c([H])c([H])c([H])c4n23)c([H])c1[H],246.27,43.08,0,3,1,2.94
mol_3523,PubChem,23369701,-7.011,9,6,[H]c1c(C([H])([H])[H])c2c(c3c1C([H])([H])[C@@]([H])(C(=O)N([H])[H])O3)C([H])([H])C([H])([H])C(=O)N2[H],246.27,81.42,2,3,2,0.67
mol_3627,PubChem,103044752,-7.191,9,22,[H]c1nc2c([H])c([H])c([H])c(Oc3c([H])c([H])c([H])c([H])c3C#N)c2c([H])c1[H],246.27,45.91,0,3,2,3.9
mol_752,PubChem,176756999,-7.167,9,6,[H]c1nc(-c2c([H])c3c([H])c([H])oc3c3nc([H])c([H])c([H])c23)c([H])c([H])c1[H],246.27,38.92,0,3,1,4.04
mol_129,PubChem,150447416,-7.016,9,6,[H]c1c([H])c([H])c(-n2nnc3c([H])nc4c([H])c([H])c([H])c([H])c4c32)c([H])c1[H],246.27,43.6,0,3,1,2.97
mol_3996,PubChem,81595907,-7.097,9,0,[H]c1nc(C#N)c(N([H])c2c([H])c([H])c3nc([H])c([H])c([H])c3c2[H])c([H])c1[H],246.27,61.6,1,4,2,3.25
mol_2632,PubChem,2337301,-7.385,9,0,[H]c1c([H])c([H])c(-c2c([H])c3nnnn3c3c([H])c([H])c([H])c([H])c23)c([H])c1[H],246.27,43.08,0,3,1,2.94
mol_1315,PubChem,11118333,-7.182,9,11,[H]c1c([H])c([H])c(-c2c([H])c3c([H])c([H])c([H])c([H])c3n3nnnc23)c([H])c1[H],246.27,43.08,0,3,1,2.94
mol_2990,PubChem,91314287,-7.307,9,17,[H]C1=Nc2c([H])c([H])c([H])c([H])c2[C@]2(C([H])=C([H])c3c([H])c([H])c([H])c([H])c3N2[H])C1([H])[H],246.31,24.39,1,2,0,4.13
mol_3004,PubChem,67803793,-7.006,9,17,[H]c1nc2c([H])c([H])c([H])c([H])c2c2c1C([H])([H])C([H])([H])N2c1c([H])c([H])c([H])c([H])c1[H],246.31,16.13,0,2,1,3.93
mol_3297,PubChem,110455001,-7.142,9,28,[H]c1nc2c(N3c4c([H])c([H])c([H])c([H])c4C([H])([H])C3([H])[H])c([H])c([H])c([H])c2c([H])c1[H],246.31,16.13,0,2,1,3.93
mol_4748,PubChem,116698503,-7.194,9,56,[H]c1nc2c(-c3c([H])c([H])c4c(c3[H])N([H])C([H])([H])C4([H])[H])c([H])c([H])c([H])c2c([H])c1[H],246.31,24.92,1,2,1,3.87
mol_2174,PubChem,105507278,-7.208,9,11,[H]c1n[n-]c([C@]2([H])c3c([H])c([H])c([H])c(Cl)c3N([H])C(=O)C2([H])[H])c1[H],246.68,56.09,1,2,1,2.17
mol_2848,PubChem,105507280,-7.015,9,11,[H]c1n[n-]c([C@]2([H])c3c([H])c(Cl)c([H])c([H])c3N([H])C(=O)C2([H])[H])c1[H],246.68,56.09,1,2,1,2.17
mol_186,PubChem,10658118,-7.355,9,0,[H]c1c(C(F)(F)F)nc2c(c1[H])c([H])c([H])c1c([H])c([H])c([H])c([H])c12,247.22,12.89,0,1,0,4.41
mol_1045,PubChem,129824690,-7.678,9,22,[H]c1nc2c(c([H])c1[H])c([H])c([H])c1c3c(c([H])c([H])c12)C(=O)[N-]C3=O,247.23,61.13,0,3,0,3.06
mol_3664,PubChem,154233341,-7.284,9,6,[H]C1=Nc2c([H])c([H])c([H])c3c2c1c([H])c1nc([H])c(C(=O)[O-])c([H])c13,247.23,65.38,0,4,1,1.82
mol_3497,PubChem,57972401,-7.013,9,6,[H]c1nc2c(c([H])c1[H])c([H])c([H])c1oc(=O)c3c([H])c([H])c([H])c([H])c3c12,247.25,43.1,0,3,0,3.49
mol_1311,PubChem,56610564,-7.22,9,6,[H]c1c([H])c([H])c2c(oc([H])c3c4c([H])c(=O)c([H])nc4c([H])c([H])c23)c1[H],247.25,43.1,0,3,0,3.49
mol_1253,PubChem,23378935,-7.225,9,0,[H]c1nc2c([H])c([H])c3c4c([H])c([H])c([H])c([H])c4oc(=O)c3c2c([H])c1[H],247.25,43.1,0,3,0,3.49
mol_615,PubChem,59696639,-7.01,9,11,[H]c1nc(-c2c([H])c3c([H])c([H])c([H])c([H])c3n3nnnc23)c([H])c([H])c1[H],247.26,55.97,0,4,1,2.34
mol_3590,PubChem,171062457,-7.443,9,6,[H]C1=Nc2c([H])c([H])c([H])c3c2c1c([H])c1nc([H])c(C(=O)N([H])[H])c([H])c13,247.26,68.34,1,3,1,2.55
mol_1666,PubChem,137346128,-7.407,9,17,[H]C1=C([H])C([H])([H])Oc2c([H])c([H])c3c(C([H])(C#N)C#N)c([H])c([H])nc3c21,247.26,69.7,0,4,1,2.77
mol_2371,PubChem,59696686,-7.034,9,22,[H]c1nc([H])c(-c2c([H])c3c([H])c([H])c([H])c([H])c3n3nnnc23)c([H])c1[H],247.26,55.97,0,4,1,2.34
mol_1458,PubChem,118961911,-7.149,9,11,[H]c1nc(N([H])[H])nc(-c2c([H])nc3c([H])c([H])c([H])c([H])c3c2[H])c1C#N,247.26,88.48,1,5,2,2.15
mol_3920,PubChem,103044748,-7.044,9,11,[H]c1nc(C#N)c(Oc2c([H])c([H])c([H])c3nc([H])c([H])c([H])c23)c([H])c1[H],247.26,58.8,0,4,2,3.29
mol_2143,PubChem,71469573,-7.044,9,6,[H]c1c([H])c([H])c2c(C([H])([H])[H])c3c4c([H])c([O-])c([H])c([H])c4n([H])c3nc2c1[H],247.28,51.74,1,2,1,3.25
mol_2818,PubChem,71469572,-7.104,9,6,[H]c1c([O-])c([H])c2c(C([H])([H])[H])c3c4c([H])c([H])c([H])c([H])c4n([H])c3nc2c1[H],247.28,51.74,1,2,1,3.25
mol_1018,PubChem,163409637,-7.661,9,28,[H]N=C(c1nc2c([H])c([H])c([H])c([H])c2c([H])c1[H])c1c([H])c([H])c([H])c([H])c1[O-],247.28,59.8,1,3,2,2.72
mol_2324,PubChem,140047420,-7.219,9,0,[H]C([H])=C1C([H])=C([H])c2c(c([H])c([H])c3c2C([H])([H])Oc2c([H])c([H])c([H])c([H])c2-3)N1[H],247.3,21.26,1,2,0,4.2
mol_4058,PubChem,167697503,-7.042,8,12,[H]c1nc2c(c([H])c1[H])c([H])c([H])c1c2oc2c(C([H])([H])[H])c(C([H])([H])[H])c([H])c([H])c21,247.3,26.03,0,2,2,4.75
mol_2417,PubChem,171358518,-7.184,9,6,[H]c1c([H])c([H])c2c(nc(C([H])([H])c3c([H])c([H])c([H])n3[H])c3c2c([H])c([H])n3[H])c1[H],247.3,44.47,2,1,2,3.64
mol_2534,PubChem,101860275,-7.193,9,28,[H]c1c([H])c([H])c2c(nc(-c3c([H])c([H])c([H])n3[H])c3c([H])c([H])n(C([H])([H])[H])c32)c1[H],247.3,33.61,1,1,2,3.72
mol_1833,PubChem,140384587,-7.055,9,6,[H]c1c([H])c([H])c2c(c1[H])OC([H])([H])c1c-2c([H])c([H])c2nc(C([H])([H])[H])c([H])c([H])c12,247.3,22.12,0,2,1,4.1
mol_2507,PubChem,15619500,-7.242,9,6,[H]O[C@]1(C([H])([H])[H])c2c([H])c([H])c([H])c([H])c2-c2nc3c([H])c([H])c([H])c([H])c3c([H])c21,247.3,33.12,1,2,2,3.47
mol_4731,PubChem,20823207,-7.149,9,6,[H]c1c([H])c([H])c2c([H])c3c([H])c4c(c([H])c3c([H])c2c1[H])N([H])C(=O)C([H])([H])C4([H])[H],247.3,29.1,1,1,0,3.88
mol_4585,PubChem,81224207,-7.314,9,6,[H]c1nc2c([H])c([H])c(-c3c([H])c([H])c([H])c(C(=O)C([H])([H])[H])c3[H])c([H])c2c([H])c1[H],247.3,29.96,0,2,3,4.1
mol_2391,PubChem,19084464,-7.045,9,17,[H]C1=C([H])[C@]2(Oc3c([H])c([H])c([H])c([H])c31)C([H])=C([H])c1c([H])c([H])c([H])c([H])c1N2[H],247.3,21.26,1,2,0,3.93
mol_1919,PubChem,177360668,-7.109,9,11,[H]c1c([H])c([H])c2c(c1[H])c([H])c1c(c3c([H])c([H])c([H])c(C([H])([H])[H])c3n1[H])[n+]2C([H])([H])[H],247.32,19.67,1,0,2,3.61
mol_4304,PubChem,70171146,-7.105,8,31,[H]c1c([H])c([H])c2c(c1[H])N(c1[n-]c3c([H])c([H])c([H])c([H])c3c1[H])C([H])([H])C([H])([H])C2([H])[H],247.32,17.34,0,1,1,3.88
mol_4223,PubChem,67101742,-7.359,9,17,[H]C1=C([H])C([H])([H])c2c([H])c([H])c(N3c4c([H])c([H])c([H])c([H])c4C([H])([H])C([H])([H])C3([H])[H])c([H])c21,247.34,3.24,0,1,1,4.34
mol_1482,PubChem,117752651,-7.218,9,39,[H]c1c(-c2nc3c([H])c([H])c([H])c([H])c3c([H])c2[H])c(C([H])([H])[H])c(C([H])([H])[H])c([H])c1C([H])([H])[H],247.34,12.89,0,1,4,4.83
mol_2270,PubChem,58871228,-7.147,9,6,[H]c1c([H])c(-c2nc3c([H])c(C([H])([H])[H])c([H])c([H])c3c([H])c2C([H])([H])[H])c([H])c(C([H])([H])[H])c1[H],247.34,12.89,0,1,4,4.83
mol_630,PubChem,126542812,-7.302,9,0,[H]C([H])=C1C([H])([H])C([H])([H])[C@@]2(c3c(nc([H])c([H])c3[H])-c3c([H])c([H])c([H])c([H])c3C2([H])[H])C1([H])[H],247.34,12.89,0,1,0,4.28
mol_3975,PubChem,91665488,-7.155,9,6,[H]c1c([H])c([H])c([C@@]([H])(c2nc3c([H])c([H])c([H])c([H])c3c(C([H])([H])[H])c2[H])C([H])([H])[H])c([H])c1[H],247.34,12.89,0,1,4,4.7
mol_3208,PubChem,164676961,-7.648,9,17,[H]c1c([H])c(-c2c([H])c(C([H])([H])[H])nc3c([H])c([H])c(C([H])([H])[H])c([H])c23)c([H])c(C([H])([H])[H])c1[H],247.34,12.89,0,1,4,4.83
mol_3076,PubChem,58871256,-7.113,9,6,[H]c1c([H])c(-c2nc3c([H])c(C([H])([H])[H])c([H])c([H])c3c(C([H])([H])[H])c2[H])c([H])c(C([H])([H])[H])c1[H],247.34,12.89,0,1,4,4.83
mol_4586,PubChem,91665379,-7.104,9,17,[H]c1c([H])c([H])c([C@@]([H])(c2nc3c([H])c([H])c([H])c([H])c3c(C([H])([H])[H])c2[H])C([H])([H])[H])c([H])c1[H],247.34,12.89,0,1,4,4.7
mol_3682,PubChem,68892456,-7.011,9,22,[H]c1c([H])c(C([H])([H])c2c([H])c(C([H])([H])[H])nc3c([H])c([H])c([H])c([H])c23)c([H])c([H])c1C([H])([H])[H],247.34,12.89,0,1,4,4.44
mol_4712,PubChem,135042947,-7.139,9,0,[H]c1c([H])c([H])c(C2=C3C([H])([H])C([H])([H])C([H])([H])[C@]3([H])N([H])c3c([H])c([H])c([H])c([H])c32)c([H])c1[H],247.34,12.03,1,1,1,4.47
mol_2177,PubChem,174308166,-7.108,9,17,[H]c1nc2c([H])c([H])c(C([H])([H])[H])c([H])c2c(C([H])([H])c2c([H])c([H])c(C([H])([H])[H])c([H])c2[H])c1[H],247.34,12.89,0,1,4,4.44
mol_2485,PubChem,18451593,-7.084,9,11,[H]C1=C([H])[C@@]2([H])[C@@]([H])(C([H])=C1[H])C([H])([H])C([H])([H])[C@]2([H])c1c([H])c([H])c([H])c2c([H])c([H])c([H])nc12,247.34,12.89,0,1,1,4.47
mol_1404,PubChem,4978347,-7.417,9,11,[H]c1c([H])c([H])c(-c2c(C([H])([H])[H])n3c4c(c([H])c([H])c([H])c24)C([H])([H])C([H])([H])C3([H])[H])c([H])c1[H],247.34,4.93,0,0,2,4.56
mol_690,PubChem,143027045,-7.114,9,0,[H]c1c([H])c(Cl)c2c(c1[H])c([H])c(C(=O)N([H])[H])c1nnnn12,247.65,86.17,1,4,1,1.03
mol_3283,PubChem,11160964,-7.199,9,6,[H]c1c(Cl)c([H])c2c(c1[H])c([H])c(C(=O)N([H])[H])c1nnnn12,247.65,86.17,1,4,1,1.03
mol_874,PubChem,62890524,-7.037,8,19,[H]c1c(C([H])(F)F)[n-]c2c(F)c(F)c(F)c([H])c2c1=O,248.13,31.17,0,1,1,2.51
mol_753,PubChem,62891753,-7.104,9,22,[H]c1c(F)c(F)c2[n-]c(C([H])(F)F)c([H])c(=O)c2c1F,248.13,31.17,0,1,1,2.51
mol_2513,PubChem,175831120,-7.013,9,17,[H]c1n[n-]c(-c2c(F)nc3c([H])c([H])c([H])c(F)c3c2F)c1[H],248.19,39.88,0,2,1,2.67
mol_3602,PubChem,80509961,-7.081,9,11,[H]c1nnc(Oc2c([H])c([H])c([H])c3c([H])c([H])c([H])nc23)c(C#N)c1[H],248.25,71.69,0,5,2,2.69
mol_3196,PubChem,153721223,-7.13,9,6,[H]c1nc2c([H])c([H])c3c(c2c([H])c1[H])C([H])([H])Oc1c([H])c([H])c([H])c([O-])c1-3,248.26,45.18,0,3,0,2.87
mol_1898,PubChem,150869814,-7.3,9,11,[H]c1nc2c([H])c([O-])c([H])c([H])c2c2c1-c1c([H])c([H])c([H])c([H])c1OC2([H])[H],248.26,45.18,0,3,0,2.87
mol_4857,PubChem,150635603,-7.12,9,6,[H]c1c([H])c(-c2c([H])c(C#N)nc3c([H])c([H])c([H])c([H])c23)c([H])c([H])c1F,248.26,36.68,0,2,1,3.91
mol_2264,PubChem,136087807,-7.104,9,22,[H]Oc1c([H])c([H])c2nc3c(c([H])c2c1[H])C([H])([H])c1c([H])c([O-])c([H])c([H])c1-3,248.26,56.18,1,3,1,2.59
mol_3225,PubChem,10014945,-7.108,9,6,[H]c1c([H])c([H])c2c(c1[H])OC([H])([H])c1c-2c2c([H])c([H])c([H])c([H])c2[n-]c1=O,248.26,40.4,0,2,0,2.72
mol_3562,PubChem,81224892,-7.07,9,11,[H]c1nc2c([H])c(-c3c([H])c([H])c([H])c(C(=O)[O-])c3[H])c([H])c([H])c2c([H])c1[H],248.26,53.02,0,3,2,2.27
mol_4598,PubChem,21838265,-7.137,9,11,[H]c1nc2c(-c3c([H])c([H])c([H])c(C(=O)[O-])c3[H])c([H])c([H])c([H])c2c([H])c1[H],248.26,53.02,0,3,2,2.27
mol_3238,PubChem,113648504,-7.071,8,12,[H]c1nc2c([H])c([H])c([H])c(-c3c([H])c([H])c([H])c(F)c3C#N)c2c([H])c1[H],248.26,36.68,0,2,1,3.91
mol_2363,PubChem,69401670,-7.261,9,11,[H]c1c([H])c([H])c2c(c1[H])OC([H])([H])c1c-2c([H])c([H])c2[n-]c(=O)c([H])c([H])c12,248.26,40.4,0,2,0,2.72
mol_1989,PubChem,4185270,-7.428,9,0,[H]c1nc2c([H])c([H])c(-c3c([H])c([H])c(C(=O)[O-])c([H])c3[H])c([H])c2c([H])c1[H],248.26,53.02,0,3,2,2.27
mol_2039,PubChem,91006668,-7.367,9,11,[H]c1c([H])c(F)c([H])c(-c2c(C#N)nc3c([H])c([H])c([H])c([H])c3c2[H])c1[H],248.26,36.68,0,2,1,3.91
mol_1628,PubChem,91304706,-7.253,9,0,[H]C1=C([H])C2=c3c([H])c([H])c4[n-]c(=O)c([H])c([H])c4c3=C([H])O[C@@]2([H])C([H])=C1[H],248.26,40.4,0,2,0,0.57
mol_1262,PubChem,69653632,-7.212,9,0,[H]c1n[n-]c(C([H])([H])c2nc3c([H])c([H])c([H])c([H])c3c(N([H])[H])c2C#N)c1[H],248.27,89.69,1,4,3,1.63
mol_4614,PubChem,175929594,-7.024,9,22,[H]c1n[n-]c(-c2c([H])c([H])c3c(nc(N([H])[H])c4c([H])c([H])n([H])c43)c2[H])c1[H],248.27,81.69,2,3,2,2.32
mol_344,PubChem,141319742,-7.31,9,11,[H]c1nn([H])c([H])c1-c1c([H])c([H])c2nc([H])c3c(C([H])([H])[H])[n-]nc3c2c1[H],248.27,68.56,1,3,2,2.44
mol_1920,PubChem,135988232,-7.165,9,11,[H]c1c([H])c([H])c2c([H])c3c(c([H])c2c1[H])c1n[n-]c(C([H])([H])[H])c1c(=O)n3[H],248.27,59.85,1,2,1,2.5
mol_199,PubChem,158185799,-7.432,9,6,[H]c1n[n-]c(C([H])([H])[H])c1-c1nc2c(c([H])c1[H])c([H])c([H])c1c([H])nn([H])c12,248.27,68.56,1,3,2,2.44
mol_3923,PubChem,174935054,-7.317,9,17,[H]c1nc2c(-c3c([H])c([H])c([H])c(C(=O)N([H])[H])c3[H])c([H])c([H])c([H])c2c([H])c1[H],248.29,55.98,1,2,2,3.0
mol_893,PubChem,26608943,-7.131,9,6,[H]c1oc(C([H])([H])[H])c(-c2nc3c([H])c([H])c([H])c([H])c3c(C([H])([H])[H])c2C#N)c1[H],248.29,49.82,0,3,3,3.98
mol_4584,PubChem,90931641,-7.277,9,6,[H]c1nc2c([H])c([H])c(-c3c([H])c([H])c([H])c(C(=O)N([H])[H])c3[H])c([H])c2c([H])c1[H],248.29,55.98,1,2,2,3.0
mol_2087,PubChem,53699573,-7.258,9,11,[H]c1c([H])c([H])c([C@@]2([H])c3c([H])c([H])c([H])c([H])c3N([H])C(=O)[C@]2([H])C#N)c([H])c1[H],248.29,52.89,1,2,1,2.91
mol_2541,PubChem,141961747,-7.083,9,6,[H]c1nc2c([H])c([H])c3c(c2c([H])c1[H])[C@@]([H])(N([H])[H])Oc1c([H])c([H])c([H])c([H])c1-3,248.29,48.14,1,3,1,3.25
mol_960,PubChem,144012623,-7.161,9,22,[H]c1nc(-c2c([H])c([H])nc3c4c(c([H])c([H])c23)OC([H])([H])C4([H])[H])c([H])c([H])c1[H],248.29,35.01,0,3,1,3.23
mol_1717,PubChem,169257021,-7.137,9,11,[H]c1c([H])c(C([H])([H])[H])c(-c2[n-]c3c([H])c([H])c([H])c([H])c3c(=O)c2[H])c([H])c1C([H])([H])[H],248.31,31.17,0,1,3,3.44
mol_4216,PubChem,39346042,-7.044,9,22,[H]c1c([H])c([H])c(-c2c([H])c3c(C([H])([H])[H])c([H])c([H])c(C([H])([H])[H])c3[n-]c2=O)c([H])c1[H],248.31,31.17,0,1,3,3.44
mol_357,PubChem,131863719,-7.733,9,11,[H]c1c([H])c([H])c(-c2c([H])c(=O)[n-]c3c(C([H])([H])[H])c([H])c(C([H])([H])[H])c([H])c23)c([H])c1[H],248.31,31.17,0,1,3,3.44
mol_4838,PubChem,139913223,-7.068,9,28,[H]c1c([H])c([H])c(C([H])([H])[H])c(-c2c([H])c([H])c([O-])c3nc(C([H])([H])[H])c([H])c([H])c23)c1[H],248.31,35.95,0,2,3,3.59
mol_1573,PubChem,134910682,-7.209,9,33,[H]c1c([H])c([H])c(-c2c(C([H])([H])[H])c3c([H])c(C([H])([H])[H])c([H])c([H])c3[n-]c2=O)c([H])c1[H],248.31,31.17,0,1,3,3.44
mol_623,PubChem,122216068,-7.476,9,11,[H]c1c([H])c([H])c(-c2c([H])c(=O)[n-]c3c(C([H])([H])[H])c(C([H])([H])[H])c([H])c([H])c23)c([H])c1[H],248.31,31.17,0,1,3,3.44
mol_3759,PubChem,141295887,-7.194,8,19,[H]c1c([H])c([H])c2c(c1[H])N(c1c([H])c([H])c3c(c1[H])c([H])c([H])n3[H])C([H])([H])C([H])([H])C2([H])[H],248.33,19.03,1,1,1,4.25
mol_4629,PubChem,81277456,-7.037,9,22,[H]c1c([H])c([H])c2c(c1[H])N(c1c([H])c([H])c(C#N)c(C([H])([H])[H])c1[H])C([H])([H])C([H])([H])C2([H])[H],248.33,27.03,0,2,2,3.95
mol_466,PubChem,55190877,-7.213,9,6,[H]c1c(C2([H])C([H])([H])C2([H])[H])nc2c(c([H])c([H])c3c([H])c([H])c([H])c([H])c32)c1N([H])C([H])([H])[H],248.33,24.92,1,2,3,4.31
mol_1646,PubChem,58460320,-7.481,9,28,[H]c1c([H])c(-c2c([H])c([H])c([H])c3nc(C([H])([H])[H])c([H])c(N([H])[H])c23)c([H])c(C([H])([H])[H])c1[H],248.33,38.91,1,2,4,4.1
mol_1597,PubChem,170700305,-7.099,9,6,[H]c1c(C(=O)Cl)c([H])c2c3c(c(N([H])[H])nc2c1[H])C([H])([H])OC3([H])[H],248.67,65.21,1,4,2,2.23
mol_574,PubChem,21875347,-7.62,9,28,[H]C1=C([H])C(=O)N(c2c([H])c([H])c(C#N)c3nc([H])c([H])c([H])c23)C1=O,249.23,74.06,0,4,1,1.54
mol_196,PubChem,88404693,-7.621,9,28,[H]c1nc2c([H])c([H])c3c4c(c([H])c([H])c3c2c([H])c1[H])C(=O)OC4=O,249.23,56.26,0,4,0,2.7
mol_1457,PubChem,133655624,-7.799,9,17,[H]c1c(F)c([H])c2c(c1[H])c(=O)c([H])c([H])n2C([H])([H])C1([H])N([H])N([H])N([H])N1[H],249.25,70.12,4,5,2,-0.42
mol_814,PubChem,133654841,-7.591,9,17,[H]c1c([H])c(F)c2c(c1[H])c(=O)c([H])c([H])n2C([H])([H])C1([H])N([H])N([H])N([H])N1[H],249.25,70.12,4,5,2,-0.42
mol_3122,PubChem,102824527,-7.149,9,0,[H]c1nc(-c2c(C#N)nc3c([H])c([H])c([H])c([H])c3c2[H])c([H])c(F)c1[H],249.25,49.57,0,3,1,3.31
mol_3939,PubChem,66851716,-7.037,9,0,[H]c1nc(C(=O)N([H])[H])c([H])c(-c2c([H])nc3c([H])c([H])c([H])c([H])c3c2[H])c1[H],249.27,68.87,1,3,2,2.4
mol_1304,PubChem,154492283,-7.021,9,22,[H]C1=C([H])[C@]2(Oc3c([H])c([H])c([H])c([H])c3C2=O)C([H])([H])c2c1nc([H])c([H])c2[H],249.27,39.19,0,3,0,2.67
mol_929,PubChem,141269166,-7.359,9,22,[H]C1=c2c(c([H])c([H])c3c4c(c([H])c([H])c23)N([H])C(=O)C([H])([H])C=4[H])C(=O)C1([H])[H],249.27,46.17,1,2,0,1.33
mol_3814,PubChem,176429986,-7.097,9,33,[H]C1=C([H])C(=O)C(C([H])([H])c2c([H])c([H])c([H])c3c([H])c([H])c([H])nc23)=C([H])C1=O,249.27,47.03,0,3,2,2.41
mol_2458,PubChem,21474158,-7.143,9,11,[H]C1=Nc2c([H])c([H])c3c(c2C([H])([H])C1=O)C([H])([H])Oc1c([H])c([H])c([H])c([H])c1-3,249.27,38.66,0,3,0,3.07
mol_1390,PubChem,10198838,-7.399,9,6,[H]C1=C([H])C([H])([H])N([H])c2c([H])c([H])c3c(c21)c(=O)oc1c([H])c([H])c([H])c([H])c13,249.27,42.24,1,3,0,3.38
mol_1676,PubChem,25242074,-7.386,9,11,[H]c1c([H])c([H])c2c(c1[H])C(=O)c1c([H])c3c(c([H])c1-2)C([H])([H])C([H])([H])C(=O)N3[H],249.27,46.17,1,2,0,2.78
mol_3808,PubChem,91574955,-7.085,9,0,[H]C1=N[C@@]2([H])C([H])=C([H])C3=C(C(=O)C([H])([H])[C@]4([H])C([H])=C([H])C([H])=C([H])[C@]34[H])C2=C([H])C1([H])[H],249.31,29.43,0,2,0,2.95
mol_1354,PubChem,2998966,-7.361,9,17,[H]C1=C([H])[C@]([H])(C([H])([H])[H])N(C(=O)c2c([H])c([H])c([H])c([H])c2[H])c2c([H])c([H])c([H])c([H])c21,249.31,20.31,0,1,2,3.75
mol_4361,PubChem,80033483,-7.059,9,11,[H]c1c([H])c([H])c2c(c1[H])N(c1c([H])c([H])c(C#N)c(N([H])[H])c1[H])C([H])([H])C([H])([H])C2([H])[H],249.32,53.05,1,3,2,3.22
mol_4897,PubChem,83060580,-7.134,9,22,[H]c1nc2c(N([H])[H])c([H])c([H])c([H])c2c(N([H])c2c([H])c([H])c([H])c([H])c2C([H])([H])[H])c1[H],249.32,50.94,2,3,4,3.87
mol_4933,PubChem,132549810,-7.038,9,28,[H]C1=C(c2c([H])c([H])c([H])c3c([H])c([H])c([H])nc23)c2c(sc([H])c2[H])C1([H])[H],249.34,12.89,0,2,1,4.28
mol_3221,PubChem,140199346,-7.008,8,6,[H]c1c([H])c([H])c2c(c1[H])c(C([H])([H])[H])c(C([H])([H])[H])c1c(C([H])([H])[H])c(C([H])([H])[H])c(C([H])([H])[H])nc12,249.36,12.89,0,1,5,4.93
mol_4172,PubChem,23622323,-7.001,9,11,[H]c1c([H])c2c3c(c1[H])C([H])([H])C([H])([H])N(C([H])([H])[H])[C@]3([H])C([H])([H])c1c([H])c([H])c(C([H])([H])[H])c([H])c1-2,249.36,3.24,0,1,2,3.75
mol_4847,PubChem,167274260,-7.335,9,0,[H]c1c([H])c([H])c(-c2nc3c4c(c2[H])C([H])([H])C([H])([H])C([H])([H])[C@]4([H])C([H])([H])C([H])([H])C3([H])[H])c([H])c1[H],249.36,12.89,0,1,1,4.5
mol_809,PubChem,164926099,-7.339,9,0,[H]c1c(C([H])(C([H])([H])[H])C([H])([H])[H])nc2c(c1[H])c([H])c([H])c1c([H])c(C([H])([H])C([H])([H])[H])c([H])c([H])c12,249.36,12.89,0,1,5,5.07
mol_4404,PubChem,91665710,-7.139,9,28,[H]c1c([H])c([H])c2c(c1[H])-c1c([H])c([H])c(C([H])([H])[H])c3c1[C@]([H])(N(C([H])([H])[H])C([H])([H])C3([H])[H])C2([H])[H],249.36,3.24,0,1,2,3.75
mol_2736,PubChem,129689294,-7.093,9,6,[H]c1c([H])c([H])c2c(c1[H])-c1c([H])c([H])c([H])c3c1[C@@]([H])(N(C([H])([H])[H])C([H])([H])C3([H])[H])[C@@]2([H])C([H])([H])[H],249.36,3.24,0,1,2,4.0
mol_3044,PubChem,129648517,-7.018,9,56,[H]c1c([H])c([H])c(-c2oc(=O)c(-c3c([H])c([H])c([H])c([H])c3[H])c([O-])c2[H])c([H])c1[H],263.27,53.27,0,3,2,3.05
mol_572,PubChem,129724488,-7.649,9,11,[H]C1=C([H])c2c([H])c([H])c3c([H])c4c([H])c([H])c([H])c([H])c4c4c3c2[C@]([H])(C1=O)C([H])=C4[H],268.31,17.07,0,1,0,4.7
mol_3397,PubChem,16728049,-7.146,9,0,[H]c1c([H])c([H])c2c(c1[H])c([H])c([H])c1c([H])c(C(=O)C([H])([H])C(=O)C(=O)[O-])c([H])c([H])c12,291.28,74.27,0,4,4,1.88
mol_3268,PubChem,16728048,-7.013,9,11,[H]c1c([H])c([H])c2c(c1[H])c([H])c([H])c1c([H])c([H])c(C(=O)C([H])([H])C(=O)C(=O)[O-])c([H])c12,291.28,74.27,0,4,4,1.88
mol_531,PubChem,3815,-7.673,9,6,[H]c1c([H])c([H])c2c(c1[H])c1c3c(c4c5c([H])c([H])c([H])c([H])c5n([H])c4c1n2[H])C([H])([H])N([H])C3=O,311.34,60.68,3,1,0,4.2
mol_1603,PubChem,16728052,-7.086,9,6,[H]c1c([H])c2c([H])c([H])c3c([H])c([H])c(C(=O)C([H])([H])C(=O)C(=O)[O-])c4c([H])c([H])c(c1[H])c2c34,315.3,74.27,0,4,4,2.48
mol_1395,PubChem,9861952,-7.071,9,17,[H]c1c([H])c([H])c2c(c1[H])C([H])([H])C([H])([H])C([H])([H])[C@@]2([H])c1c([H])c([H])c([H])c(C(=O)C([H])([H])C(=O)C(=O)[O-])c1[H],321.35,74.27,0,4,5,2.05
mol_4661,PubChem,10618422,-7.047,9,11,[H]c1c([H])c(C(=O)n2c([H])c(C([H])([H])C([H])([H])C([H])([H])C(=O)[O-])c3c([H])c([H])c([H])c([H])c32)c([H])c(N([H])[H])c1[H],321.36,88.15,1,4,6,1.98
mol_1837,PubChem,5020712,-7.335,9,33,[H]c1c([H])c([H])c2c(c1[H])-c1c([H])c([H])c([H])c([H])c1C2([H])C([H])([H])OC(=O)N([H])[C@@]([H])(C([H])([H])[H])C([H])([H])C(=O)[O-],324.36,78.46,1,4,6,2.05
mol_4091,PubChem,5706672,-7.33,9,28,[H]c1c([H])c([H])c2c(c1[H])-c1c([H])c([H])c([H])c([H])c1C2([H])C([H])([H])OC(=O)N([H])[C@@]([H])(C([H])([H])[H])C([H])([H])C(=O)[O-],324.36,78.46,1,4,6,2.05
mol_1407,PubChem,24802222,-7.521,9,11,[H]c1c([H])c([H])c2c(c1[H])c(C([H])([H])c1c(C([H])([H])[C@@]([H])(C(=O)[O-])N([H])[H])c3c([H])c([H])c([H])c([H])c3n1[H])c([H])n2[H],332.38,97.73,3,3,6,1.86
mol_2421,PubChem,16728054,-7.138,9,17,[H]C1=C([H])[C@]2([H])Oc3nc(C([H])([H])[H])c(C(=O)C([H])([H])C(=O)C(=O)[O-])c([H])c3C(=O)[C@]2([H])C([H])=C1C([H])([H])[H],340.31,113.46,0,7,6,0.36
mol_4576,PubChem,565776,-7.132,9,44,[H]C([H])([H])C1(C([H])([H])[H])[C@@]2([H])C([H])([H])C([H])([H])[C@]1(C([H])([H])[H])[C@]([H])(OC(=O)c1c(F)c(F)c(F)c(F)c1F)C2([H])[H],348.31,26.3,0,2,5,4.75
mol_1598,PubChem,2879394,-7.035,9,11,[H]c1c([H])c([H])c([C@]2([H])N(C(=O)C([H])([H])C([H])([H])C(=O)[O-])N=C(c3c([H])c([H])c(OC([H])([H])[H])c([H])c3[H])C2([H])[H])c([H])c1[H],351.38,82.03,0,5,7,1.9
mol_4490,PubChem,86810495,-7.417,9,17,[H]c1c([H])c([H])c2c(c1[H])-c1c([H])c([H])c([H])c([H])c1C2([H])C([H])([H])OC(=O)N([H])C([H])([H])C([H])([H])C(C(=O)[O-])(C([H])([H])[H])C([H])([H])[H],352.41,78.46,1,4,8,2.69
mol_4646,PubChem,5164404,-7.341,9,33,[H]c1c([H])c([H])c2c(c1[H])-c1c([H])c([H])c([H])c([H])c1C2([H])C([H])([H])OC(=O)N(C([H])([H])[H])[C@]([H])(C(=O)[O-])C([H])(C([H])([H])[H])C([H])([H])[H],352.41,69.67,0,4,8,2.64
mol_4552,PubChem,9551781,-7.075,9,0,[H]c1c([H])c([H])c(-c2nc(N([H])[C@]([H])(C(=O)[O-])C([H])(C([H])([H])[H])C([H])([H])[H])c3oc4c([H])c([H])c([H])c([H])c4c3n2)c([H])c1[H],360.39,91.08,1,6,7,3.23
mol_4732,PubChem,2000195,-7.12,9,0,[H]c1c([H])c([H])c(-c2nc(N([H])[C@]([H])(C(=O)[O-])C([H])(C([H])([H])[H])C([H])([H])[H])c3oc4c([H])c([H])c([H])c([H])c4c3n2)c([H])c1[H],360.39,91.08,1,6,7,3.23
mol_1016,PubChem,140476571,-7.53,9,6,[H]Oc1c2c(c([O-])c3c([H])c([H])c([H])c(OC([H])([H])[H])c13)C(=O)c1c([H])c(C(=O)C([H])([H])[H])c([H])c([H])c1C2=O,361.33,103.73,1,6,5,2.61
mol_2623,PubChem,183430,-7.383,9,0,[H]Oc1c([H])c([H])c2nc([H])c([H])c(-c3c([O-])c([H])c([H])c4c3c(C([H])([H])[C@]([H])(C(=O)[O-])N([H])[H])c([H])n4[H])c2c1[H],361.36,138.12,3,6,6,0.78
mol_2315,PubChem,74319446,-7.273,9,0,[H]c1c(N([H])C(=O)[C@]([H])(N([H])[H])C([H])([H])c2c([H])n([H])c3c([H])c([H])c([H])c([H])c23)c([H])c2oc(=O)c([H])c(C([H])([H])[H])c2c1[H],361.4,101.12,3,4,6,3.09
mol_1622,PubChem,7020817,-7.268,9,11,[H]c1c(N([H])C(=O)[C@]([H])(N([H])[H])C([H])([H])c2c([H])n([H])c3c([H])c([H])c([H])c([H])c23)c([H])c2oc(=O)c([H])c(C([H])([H])[H])c2c1[H],361.4,101.12,3,4,6,3.09
mol_2434,PubChem,24802555,-7.286,9,6,[H]c1c(N([H])C(=O)[C@]([H])(N([H])[H])C([H])([H])c2c([H])n([H])c3c([H])c([H])c([H])c([H])c23)c([H])c2oc(=O)c([H])c(C([H])([H])[H])c2c1[H],361.4,101.12,3,4,6,3.09
mol_673,PubChem,169434532,-7.369,9,0,[H]Oc1c2c(c([O-])c3c([H])c([H])c([H])c(OC([H])([H])[H])c13)C(=O)c1c([H])c(C(=O)[O-])c([H])c([H])c1C2=O,362.29,126.79,1,7,4,0.77
mol_4326,PubChem,7095383,-7.168,9,17,[H]c1c([H])c([H])c2c(c1[H])C([H])([H])N([H])[C@]([H])(C(=O)N([H])[C@]([H])(C(=O)[O-])C([H])([H])c1c([H])n([H])c3c([H])c([H])c([H])c([H])c13)C2([H])[H],362.41,97.05,3,4,5,0.66
mol_3214,PubChem,176484097,-7.685,9,0,[H]Oc1c2c(c([O-])c3c(O[H])c([H])c([H])c([H])c13)C(=O)c1c([H])c([H])c(C(=O)OC([H])([H])[H])c([H])c1C2=O,363.3,123.96,2,7,4,1.89
mol_141,PubChem,122582123,-7.416,9,11,[H]c1nc([H])c2c([H])c([H])c([C@@]([H])(C([H])([H])[H])C([H])([H])C(=O)[O-])c([H])c2c1-c1c([H])c([H])c(C#N)c2c([H])c([H])c([H])c([H])c12,365.41,76.81,0,4,5,4.17
mol_1662,PubChem,159621,-7.204,9,6,[H]C1=C2C([H])([H])C([H])([H])[C@@]3([H])[C@@]([H])(C([H])([H])C([H])([H])[C@@]4(C([H])([H])[H])[C@]([H])([C@@]([H])(C([H])([H])[H])C([H])([H])C([H])([H])C(=O)[O-])C([H])([H])C([H])([H])[C@@]34[H])[C@]2(C([H])([H])[H])C([H])([H])C([H])([H])C1=O,371.54,57.2,0,3,7,4.3
mol_4741,PubChem,16119276,-7.079,9,0,[H]c1c([N+](=O)[O-])c([H])c2c([H])c([N+](=O)[O-])c([H])c3c2c1C(=O)N(C([H])([H])C([H])([H])C([H])([H])C(=O)[O-])C3=O,372.27,163.79,0,8,6,0.78
mol_1254,PubChem,24215195,-7.344,9,0,[H]c1c([H])c([H])c2c([H])c(N([H])C(=O)N([H])[C@@]([H])(C(=O)[O-])C([H])([H])c3c([H])n([H])c4c([H])c([H])c([H])c([H])c34)c([H])c([H])c2c1[H],372.4,97.05,3,3,5,2.8
mol_2230,PubChem,6386107,-7.206,9,17,[H]C(C(=O)N([H])C([H])([H])C(=O)[N-]N=C(c1c([H])c([H])c([H])c([H])c1[H])C([H])([H])C([H])([H])C(=O)[O-])=C([H])c1c([H])c([H])c([H])c([H])c1[H],377.4,112.76,1,5,9,1.65
mol_2062,PubChem,46737291,-7.035,9,22,[H]c1c([H])c([H])c2c(c1[H])-c1c([H])c([H])c([H])c([H])c1C2([H])C([H])([H])OC(=O)N([H])[C@@]([H])(C(=O)[O-])C([H])([H])C(F)(F)F,378.33,78.46,1,4,5,2.6
mol_2830,PubChem,22661402,-7.178,9,22,[H]c1c([H])c([H])c2c(c1[H])-c1c([H])c([H])c([H])c([H])c1C2([H])C([H])([H])OC(=O)N([H])[C@@]([H])(C(F)(F)F)C([H])([H])C(=O)[O-],378.33,78.46,1,4,5,2.6
mol_2970,PubChem,40429691,-7.05,9,6,[H]c1c([H])c([H])c2c(c1[H])-c1c([H])c([H])c([H])c([H])c1C2([H])C([H])([H])OC(=O)N([H])[C@@]([H])(C(=O)[O-])C([H])([H])C(F)(F)F,378.33,78.46,1,4,5,2.6
mol_4084,PubChem,1780852,-7.105,9,11,[H]c1c([H])c(N([H])C(=O)N([H])[C@]([H])(C(=O)[O-])C([H])([H])c2c([H])n([H])c3c([H])c([H])c([H])c([H])c23)c([H])c2c1OC([H])([H])C([H])([H])O2,380.38,115.51,3,5,5,1.42
mol_762,PubChem,7091587,-7.609,9,11,[H]c1c([H])c([H])c2c(N([H])[C@@]([H])(C(=O)[O-])C([H])([H])c3c([H])n([H])c4c([H])c([H])c([H])c([H])c34)c3c([H])c([H])c([H])c([H])c3nc2c1[H],380.43,80.84,2,4,5,3.64
mol_1325,PubChem,7091589,-7.591,9,6,[H]c1c([H])c([H])c2c(N([H])[C@@]([H])(C(=O)[O-])C([H])([H])c3c([H])n([H])c4c([H])c([H])c([H])c([H])c34)c3c([H])c([H])c([H])c([H])c3nc2c1[H],380.43,80.84,2,4,5,3.64
mol_872,PubChem,610081,-7.621,9,6,[H]c1c([H])c([H])c2c(N([H])[C@@]([H])(C(=O)[O-])C([H])([H])c3c([H])n([H])c4c([H])c([H])c([H])c([H])c34)c3c([H])c([H])c([H])c([H])c3nc2c1[H],380.43,80.84,2,4,5,3.64
mol_3095,PubChem,176484098,-7.239,9,0,[H]Oc1c([H])c([H])c([H])c2c1C(=O)c1c(O[H])c3c(c([O-])c1C2=O)C([H])=C(C(=O)C([H])([H])O[H])C([H])([H])[C@@]3([H])O[H],381.32,155.19,4,8,6,0.33
mol_4877,PubChem,10894269,-7.348,9,22,[H]c1c([H])c(OC([H])([H])[C@]([H])(N([H])C(=O)c2c([H])c([H])c(C(N([H])[H])=[N+]([H])[H])c([H])c2[H])C([H])([H])C(=O)[O-])c([H])c(C(N([H])[H])=[N+]([H])[H])c1[H],384.42,181.68,5,4,9,-4.07
mol_861,PubChem,3578529,-7.323,9,0,[H]c1c([H])c([H])c2c(oc3c(N([H])[C@]([H])(C(=O)[O-])C([H])([H])c4c([H])n([H])c5c([H])c([H])c([H])c([H])c45)nc(C([H])([H])[H])nc32)c1[H],385.4,106.87,2,6,6,2.94
mol_2285,PubChem,11717997,-7.79,9,0,[H]c1c([H])c([H])c(C#Cc2c([H])c([H])c(C(=O)[C@]([H])(C([H])([H])C(=O)[O-])C([H])([H])c3c([H])c([H])c(F)c([H])c3[H])c([H])c2[H])c([H])c1[H],385.41,57.2,0,3,6,3.41
mol_142,PubChem,130767,-7.636,9,22,[H]c1c([H])c2c([H])c([H])c3c([H])c([H])c(C([H])([H])C([H])([H])C([H])([H])C(=O)ON4C(=O)C([H])([H])C([H])([H])C4=O)c4c([H])c([H])c(c1[H])c2c34,385.42,63.68,0,4,5,4.51
mol_133,PubChem,85692231,-7.4,9,6,[H]c1c([H])c2c([H])c([H])c3c([H])c([H])c4c(C([H])([H])C([H])([H])C([H])([H])C(=O)[O-])c([H])c5c([H])c([H])c6c([H])c([H])c1c1c2c3c4c5c61,385.44,40.13,0,2,4,5.99
mol_2562,PubChem,11740971,-7.062,9,6,[H]Oc1c2c(c([H])c([H])c1[C@@]([H])(C(=O)[O-])C([H])([H])C([H])([H])c1c([H])c([H])c([H])c([H])c1[H])C([H])([H])c1c([H])c([H])c([H])c([O-])c1C2=O,386.4,100.49,1,5,6,2.07
mol_2836,PubChem,13938754,-7.367,9,11,[H]c1c([H])c(OC([H])([H])c2c([H])c([H])c([H])c3c([H])c([H])c([H])c([H])c23)c([H])c(SC([H])([H])c2oc(=O)c([H])c(C([H])([H])[H])c2[H])c1[H],388.49,39.44,0,4,7,5.97
mol_3487,PubChem,2965190,-7.149,8,0,[H]OC(C#Cc1c([H])c([H])c(C(=O)N([H])[C@@]([H])(C(=O)[O-])C([H])([H])c2c([H])n([H])c3c([H])c([H])c([H])c([H])c23)c([H])c1[H])(C([H])([H])[H])C([H])([H])[H],389.43,105.25,3,4,8,1.38
mol_2660,PubChem,12237954,-7.117,9,0,[H]c1c([H])c([H])c2c([H])c(C(=O)N([H])[C@]([H])(C(=O)OC([H])([H])[H])C([H])([H])c3c([H])n([H])c4c([H])c([H])c([H])c([H])c34)c(=O)oc2c1[H],390.39,101.4,2,5,6,2.79
mol_3997,PubChem,28935446,-7.131,9,11,[H]c1c([H])c(C(=O)N([H])[C@@]([H])(C(=O)OC([H])([H])[H])C([H])([H])c2c([H])n([H])c3c([H])c([H])c([H])c([H])c23)c([H])c(-n2nnnc2[H])c1[H],390.4,114.79,2,6,7,1.66
mol_3606,PubChem,45927104,-7.468,9,0,[H]C(=C(C(=O)N([H])[C@@]([H])(C(=O)[O-])C([H])([H])c1c([H])n([H])c2c([H])c([H])c([H])c([H])c12)N([H])C(=O)C([H])([H])[H])c1c([H])c([H])c([H])c([H])c1[H],390.42,114.12,3,4,8,1.12
mol_529,PubChem,135441680,-7.782,9,22,[H]c1c([H])c([H])c2c(C(=O)[C@@]([H])(C(=O)C(=O)OC([H])([H])[H])c3nc4n(c3[O-])C(=[N+]([H])[H])N=N4)c([H])c([H])c([H])c2c1[H],391.34,151.63,1,7,6,-0.12
mol_104,PubChem,118796466,-7.541,9,17,[H]c1c([H])c([H])c2c(C(=O)c3c([H])c([H])c4c(c3[H])c3c([H])c([H])c([H])c([H])c3n4C([H])([H])C([H])([H])C([H])([H])C([H])([H])C([H])([H])[H])c([H])c([H])c([H])c2c1[H],391.51,22.0,0,1,7,7.37
mol_4771,PubChem,3843083,-7.174,9,0,[H]c1c([H])c([H])c(-c2c(OC(=O)C([H])([H])C([H])([H])C([H])([H])[H])c3c([H])c([H])c([H])c([H])c3c3nc4c([H])c([H])c([H])c([H])c4nc23)c([H])c1[H],392.46,52.08,0,4,5,6.31
mol_3010,PubChem,44313347,-7.309,9,11,[H]c1c([H])c(C(N([H])[H])=[N+]([H])[H])c([H])c([H])c1Oc1nc2c([H])c([C@]([H])(C(=O)OC([H])([H])C([H])([H])[H])C([H])([H])C([H])([H])[H])c([H])c([H])c2c(C([H])([H])[H])c1[H],392.48,100.03,2,4,10,2.86
mol_671,PubChem,134452651,-7.33,9,0,[H]C1=C2[C@]3(C([H])([H])[H])C([H])([H])C([H])([H])[C@@]([H])(OC(=O)c4c([H])c([H])c([H])c([H])c4[H])C([H])([H])[C@@]3([H])C([H])([H])C([H])([H])[C@]2([H])[C@@]2([H])C([H])([H])C([H])([H])C(=O)[C@@]2(C([H])([H])[H])C1([H])[H],392.54,43.37,0,3,4,5.74
mol_2732,PubChem,171369664,-7.166,9,0,[H]Oc1c([H])c(C(=O)C([H])([H])O[H])c([H])c2c([O-])c3c(c(O[H])c12)C(=O)c1c(OC([H])([H])[H])c([H])c([H])c([H])c1C3=O,393.33,144.19,3,8,7,1.28
mol_4099,PubChem,46780584,-7.04,9,6,[H]Oc1c([H])c(C(=O)C([H])([H])O[H])c([H])c2c1C(=O)c1c(c([O-])c3c([H])c([H])c([H])c(OC([H])([H])[H])c3c1O[H])C2=O,393.33,144.19,3,8,7,1.28
mol_1083,PubChem,10810596,-7.014,9,33,[H]C([H])=C([H])C(c1c(C([H])([H])[C@]2([H])C(=O)N([H])[C@@]([H])(C([H])([H])[H])C(=O)N2[H])c2c([H])c(C([H])([H])C([H])=C(C([H])([H])[H])C([H])([H])[H])c([H])c([H])c2n1[H])(C([H])([H])[H])C([H])([H])[H],393.53,73.99,3,2,11,3.69
mol_4130,PubChem,168266273,-7.23,9,28,[H]C(=C(C#N)C(=O)N([H])[C@]([H])(c1c([H])c([H])c([H])c([H])c1Cl)C([H])([H])[H])c1c([H])c([H])c(N2C([H])([H])C([H])([H])C([H])([H])C([H])([H])C2([H])[H])c([H])c1[H],393.92,56.13,1,3,6,5.11
mol_3306,PubChem,10916251,-7.002,9,11,[H]c1c([H])c(C([H])([H])[C@]([H])(C(=O)[O-])C([H])([H])C([H])([H])[H])c([H])c(C([H])([H])N([H])C([H])([H])c2c([H])c([H])c(C(F)(F)F)c([H])c2[H])c1OC([H])([H])[H],394.41,61.39,1,4,11,3.32
mol_2108,PubChem,176484105,-7.403,9,0,[H]Oc1c2c(c([O-])c3c1C([H])([H])[C@](O[H])(C(=O)C([H])([H])O[H])C([H])=C3[H])C(=O)c1c(OC([H])([H])[H])c([H])c([H])c([H])c1C2=O,395.34,144.19,3,8,7,0.11
mol_1498,PubChem,135544059,-7.246,9,0,[H]c1nc2nc(C([H])([H])C([H])([H])C([H])([H])C(=O)[O-])n3nc(-c4c([H])c([H])c(-c5c([H])c([H])c([H])c([H])c5[H])c([H])c4[H])nc3c2[n-]1,396.41,110.2,0,6,6,2.04
mol_2997,PubChem,12309123,-7.399,9,0,[H]Oc1c2c(c([O-])c3c1C([H])([H])[C@](O[H])(C(=O)C([H])([H])[H])C([H])([H])[C@@]3([H])O[H])C(=O)c1c(OC([H])([H])[H])c([H])c([H])c([H])c1C2=O,397.36,144.19,3,8,7,0.55
mol_2944,PubChem,83843,-7.324,9,0,[H]Oc1c2c(c([O-])c3c1C([H])([H])[C@](O[H])(C(=O)C([H])([H])[H])C([H])([H])[C@@]3([H])O[H])C(=O)c1c(OC([H])([H])[H])c([H])c([H])c([H])c1C2=O,397.36,144.19,3,8,7,0.55
mol_2256,PubChem,419026,-7.448,9,0,[H]Oc1c2c(c([O-])c3c1C([H])([H])[C@](O[H])(C(=O)C([H])([H])[H])C([H])([H])[C@@]3([H])O[H])C(=O)c1c(OC([H])([H])[H])c([H])c([H])c([H])c1C2=O,397.36,144.19,3,8,7,0.55
mol_4822,PubChem,7036310,-7.003,9,0,[H]c1c([H])c([H])c(-c2c([H])c([H])c(C(=O)N([H])[C@@]([H])(C(=O)OC([H])([H])[H])C([H])([H])c3c([H])n([H])c4c([H])c([H])c([H])c([H])c34)c([H])c2[H])c([H])c1[H],398.46,71.19,2,3,7,4.35
mol_4288,PubChem,58115436,-7.298,8,0,[H]c1c([O-])c(OC([H])([H])C([H])([H])[H])c([H])c2c1C([H])([H])C([H])([H])[C@@]1([H])[C@]3([H])[C@@]([H])(C([H])([H])C([H])([H])C([H])([H])C(=O)[O-])C([H])([H])C(=O)[C@]3(C([H])([H])[H])C([H])([H])C([H])([H])[C@@]21[H],398.5,89.49,0,5,8,2.73
mol_957,PubChem,3551667,-7.346,9,0,[H]c1c([H])c([H])c2c(oc3c(N([H])[C@]([H])(C(=O)[O-])C([H])([H])c4c([H])n([H])c5c([H])c([H])c([H])c([H])c45)nc(C([H])([H])C([H])([H])[H])nc32)c1[H],399.43,106.87,2,6,7,3.19
mol_779,PubChem,664982,-7.309,9,0,[H]c1c([H])c([H])c2c(oc3c(N([H])[C@]([H])(C(=O)[O-])C([H])([H])c4c([H])n([H])c5c([H])c([H])c([H])c([H])c45)nc(C([H])([H])C([H])([H])[H])nc32)c1[H],399.43,106.87,2,6,7,3.19
mol_2911,PubChem,4608,-7.231,9,22,[H]c1c([H])c([H])c(-c2noc(C([H])([H])[H])c2C(=O)N([H])[C@@]2([H])C(=O)N3[C@]2([H])SC(C([H])([H])[H])(C([H])([H])[H])[C@]3([H])C(=O)[O-])c([H])c1[H],400.44,115.57,1,7,7,0.56
mol_2496,PubChem,2761467,-7.27,9,0,[H]c1c([H])c([H])c(C([H])([H])C([H])([H])[C@@]([H])(C(=O)[O-])N([H])C(=O)OC([H])([H])C2([H])c3c([H])c([H])c([H])c([H])c3-c3c([H])c([H])c([H])c([H])c32)c([H])c1[H],400.45,78.46,1,4,7,3.28
mol_4149,PubChem,296705,-7.486,9,6,[H]c1c([H])c([H])c(-c2oc(=O)c(-c3c([H])c([H])c([H])c([H])c3[H])c(-c3c([H])c([H])c([H])c([H])c3[H])c2-c2c([H])c([H])c([H])c([H])c2[H])c([H])c1[H],400.48,30.21,0,2,4,7.31
mol_4733,PubChem,72209044,-7.43,9,28,[H]c1nc([H])c(C([H])([H])C([H])([H])[C@@]([H])(C(=O)[O-])N([H])C(=O)OC([H])([H])C2([H])c3c([H])c([H])c([H])c([H])c3-c3c([H])c([H])c([H])c([H])c32)c([H])c1[H],401.44,91.35,1,5,7,2.67
mol_3721,PubChem,103666203,-7.454,9,28,[H]c1nc(C([H])([H])C([H])([H])[C@]([H])(C(=O)[O-])N([H])C(=O)OC([H])([H])C2([H])c3c([H])c([H])c([H])c([H])c3-c3c([H])c([H])c([H])c([H])c32)c([H])c([H])c1[H],401.44,91.35,1,5,7,2.67
mol_3304,PubChem,53397938,-7.058,9,28,[H]c1nc([H])c(C([H])([H])[C@@]([H])(N([H])C(=O)OC([H])([H])C2([H])c3c([H])c([H])c([H])c([H])c3-c3c([H])c([H])c([H])c([H])c32)C([H])([H])C(=O)[O-])c([H])c1[H],401.44,91.35,1,5,7,2.67
mol_4778,PubChem,6351297,-7.97,9,0,[H]c1c([O-])c([H])c2oc(=O)c([H])c(C([H])([H])C(=O)N([H])[C@]([H])(C(=O)[O-])C([H])([H])c3c([H])n([H])c4c([H])c([H])c([H])c([H])c34)c2c1[H],404.38,138.29,2,6,6,0.37
mol_3231,PubChem,1955105,-7.562,9,6,[H]c1c([H])c([H])c2c(=O)n(C([H])([H])C([H])([H])C(=O)N([H])[C@]([H])(C(=O)[O-])C([H])([H])c3c([H])n([H])c4c([H])c([H])c([H])c([H])c34)nnc2c1[H],404.41,132.8,2,6,7,0.14
mol_2569,PubChem,1970916,-7.436,9,0,[H]c1c([H])c([H])c2c(=O)n([C@]([H])(C(=O)N([H])[C@]([H])(C(=O)[O-])C([H])([H])c3c([H])n([H])c4c([H])c([H])c([H])c([H])c34)C([H])([H])[H])nnc2c1[H],404.41,132.8,2,6,7,0.31
mol_1111,PubChem,134203851,-7.355,9,11,[H]C1=C([H])c2c([H])c([H])c([H])c([H])c2C([H])([H])N(C(=O)C([H])([H])C([H])([H])C(=O)ON2C(=O)C([H])([H])C([H])([H])C2=O)c2c([H])c([H])c([H])c([H])c21,404.42,83.99,0,5,4,3.09
mol_4694,PubChem,44206137,-7.471,9,11,[H]c1c([H])c([H])c(C([H])([H])[C@]([H])(C(=O)N([H])[H])N([H])C(=O)c2nn(C([H])([H])C3([H])C([H])([H])C([H])([H])C([H])([H])C([H])([H])C3([H])[H])c3c([H])c([H])c([H])c([H])c23)c([H])c1[H],404.51,90.01,2,3,7,3.44
mol_731,PubChem,176476410,-7.696,9,11,[H]C(=C1C([H])([H])C([H])([H])[C@@]2([H])[C@]1(C([H])([H])[H])C([H])([H])C([H])=C1[C@@]3(C([H])([H])[H])C([H])([H])C([H])([H])[C@]([H])(OC(=O)c4c([H])c([H])c([H])c([H])c4[H])C([H])([H])[C@@]3([H])C([H])([H])C([H])([H])[C@@]12[H])C([H])([H])[H],404.59,26.3,0,2,5,7.12
mol_553,PubChem,176476409,-7.695,9,11,[H]C(=C1C([H])([H])C([H])([H])[C@@]2([H])[C@]1(C([H])([H])[H])C([H])([H])C([H])=C1[C@@]3(C([H])([H])[H])C([H])([H])C([H])([H])[C@]([H])(OC(=O)c4c([H])c([H])c([H])c([H])c4[H])C([H])([H])[C@@]3([H])C([H])([H])C([H])([H])[C@@]12[H])C([H])([H])[H],404.59,26.3,0,2,5,7.12
mol_3551,PubChem,137528647,-7.015,9,0,[H]c1nc([H])c2sc([C@@](Cl)(C([H])([H])[H])C([H])([H])C(=O)[O-])c([H])c2c1-c1c([H])c([H])c(C#N)c2c([H])c([H])c([H])c([H])c12,405.89,76.81,0,5,5,4.58
mol_3936,PubChem,86655534,-7.058,9,17,[H]C(C(=O)N([H])[C@]([H])(C(=O)[O-])C([H])([H])c1c([H])n(C([H])([H])C([H])([H])C([H])([H])C([H])([H])[H])c2c([H])c([H])c([H])c([H])c12)=C([H])c1c([H])c([H])c([H])c([H])c1F,407.46,74.16,1,3,10,3.07
mol_4109,PubChem,11729251,-7.287,9,22,[H]c1c([H])c(C(F)(F)F)c([H])c(C([H])([H])N([H])C(=O)c2c([H])c(C([H])([H])[C@@]([H])(C(=O)[O-])C([H])([H])C([H])([H])[H])c([H])c([H])c2OC([H])([H])[H])c1[H],408.4,78.46,1,4,10,2.96
mol_1017,PubChem,10341445,-7.471,9,33,[H]c1c([H])c(C([H])([H])[C@]([H])(C(=O)[O-])C([H])([H])C([H])([H])[H])c([H])c(C(=O)N([H])C([H])([H])c2c([H])c([H])c(C(F)(F)F)c([H])c2[H])c1OC([H])([H])[H],408.4,78.46,1,4,10,2.96
mol_967,PubChem,10341444,-7.259,9,22,[H]c1c([H])c(C([H])([H])[C@]([H])(C(=O)[O-])C([H])([H])C([H])([H])[H])c([H])c(C(=O)N([H])C([H])([H])c2c([H])c([H])c(C(F)(F)F)c([H])c2[H])c1OC([H])([H])[H],408.4,78.46,1,4,10,2.96
mol_4031,PubChem,9822766,-7.223,9,22,[H]c1c([H])c(C([H])([H])[C@]([H])(C(=O)[O-])C([H])([H])C([H])([H])[H])c([H])c(C(=O)N([H])C([H])([H])c2c([H])c([H])c(C(F)(F)F)c([H])c2[H])c1OC([H])([H])[H],408.4,78.46,1,4,10,2.96
mol_404,PubChem,127615,-7.185,9,11,[H]c1c([H])c([H])c2c(c1[H])-c1c([H])c([H])c([H])c([H])c1C2([H])C([H])([H])C(=O)N([H])[C@]([H])(C(=O)[O-])C([H])([H])c1c([H])n([H])c2c([H])c([H])c([H])c([H])c12,409.46,85.02,2,3,6,3.15
mol_1500,PubChem,3153492,-7.167,9,0,[H]c1oc(C2=NN(C(=O)C([H])([H])C([H])([H])C(=O)[O-])[C@@]([H])(c3c(Cl)nc4c([H])c(C([H])([H])[H])c([H])c([H])c4c3[H])C2([H])[H])c([H])c1[H],410.84,98.83,0,6,6,3.0
mol_948,PubChem,136094912,-7.208,9,11,[H]c1c([H])c([H])c(-c2nc(N([H])[H])c(C#N)c(-c3c([H])c([H])c([H])c(N([H])C(=O)C([H])([H])C([H])([H])C([H])([H])C(=O)[O-])c3[H])c2[H])c([O-])c1[H],414.42,154.99,2,7,8,1.8
mol_542,PubChem,46191616,-7.64,9,11,[H]O[C@]1(C(F)(F)F)c2c([H])c([H])c([H])c([H])c2-c2c(-c3c([H])nn(C([H])([H])C([H])([H])C([H])([H])C(=O)[O-])c3[H])c([H])c(C([H])([H])[H])c([H])c21,415.39,78.18,1,4,7,3.17
mol_2436,PubChem,91932203,-7.409,9,17,[H]O[C@]([H])(C(=O)N([H])c1c([H])c([H])c([H])c(-c2c([H])c(-c3c([H])c([H])c([H])c([H])c3[H])nc(N([H])[H])c2C#N)c1[H])C([H])([H])C([H])([H])C(=O)[O-],415.43,152.16,3,7,9,1.7
mol_1486,PubChem,74681797,-7.517,9,11,[H]c1c([H])c([H])c2c(c1[H])-c1c([H])c([H])c([H])c([H])c1C2([H])C([H])([H])OC(=O)N([H])[C@@]([H])(C(=O)[O-])C([H])([H])C([H])([H])c1c([H])c([H])c([O-])c([H])c1[H],415.44,101.52,1,5,7,2.35
mol_1759,PubChem,156757811,-7.643,9,17,[H]c1c([H])c([H])c(C([H])([H])C([H])([H])[C@]([H])(C(=O)[O-])N([H])C(=O)OC([H])([H])C2([H])c3c([H])c([H])c([H])c([H])c3-c3c([H])c([H])c([H])c([H])c32)c([O-])c1[H],415.44,101.52,1,5,7,2.35
mol_3171,PubChem,15517941,-7.141,9,0,[H]c1c([H])c([H])c(N=Nc2c([H])c([H])c(C(=O)N([H])[C@@]([H])(C(=O)C(=O)OC([H])([H])[H])C([H])([H])c3c([H])c([H])c([H])c([H])c3[H])c([H])c2[H])c([H])c1[H],415.45,97.19,1,6,9,4.19
mol_2170,PubChem,9888213,-7.053,9,17,[H]c1c([H])c([H])c(-c2c([H])c([H])c(C([H])([H])N([H])C(=O)c3c([H])c(C([H])([H])[C@@]([H])(C(=O)[O-])C([H])([H])C([H])([H])[H])c([H])c([H])c3OC([H])([H])[H])c([H])c2[H])c([H])c1[H],416.5,78.46,1,4,11,3.61
mol_3027,PubChem,53875213,-7.011,9,17,[H]c1nc([C@@]([H])(OC(=O)C([H])([H])C([H])([H])C([H])([H])[H])C([H])([H])[H])nc(N2C([H])([H])c3nc(C([H])([H])[H])nc(-c4c([H])c([H])c([H])c([H])c4[H])c3C([H])([H])C2([H])[H])c1[H],417.51,81.1,0,7,9,4.21
mol_402,PubChem,16399584,-7.774,9,0,[H]c1c([O-])c(C([H])([H])[H])c2oc(=O)c([H])c(C([H])([H])C(=O)N([H])[C@]([H])(C(=O)[O-])C([H])([H])c3c([H])n([H])c4c([H])c([H])c([H])c([H])c34)c2c1[H],418.4,138.29,2,6,7,0.68
mol_3395,PubChem,138108102,-7.434,9,0,[H]c1c([H])c([H])c(C([H])([H])C([H])([H])[C@@]([H])(C(=O)[O-])N([H])C(=O)OC([H])([H])C2([H])c3c([H])c([H])c([H])c([H])c3-c3c([H])c([H])c([H])c([H])c32)c(F)c1[H],418.44,78.46,1,4,7,3.42
mol_3361,PubChem,2761576,-7.57,9,28,[H]c1c([H])c([H])c(C([H])([H])[C@@]([H])(N([H])C(=O)OC([H])([H])C2([H])c3c([H])c([H])c([H])c([H])c3-c3c([H])c([H])c([H])c([H])c32)C([H])([H])C(=O)[O-])c(F)c1[H],418.44,78.46,1,4,7,3.42
mol_3005,PubChem,137795061,-7.011,9,0,[H]c1c([H])c([H])c2c(c1[H])-c1c([H])c([H])c([H])c([H])c1C2([H])C([H])([H])OC(=O)N([H])[C@]([H])(C(=O)[O-])C([H])([H])C([H])([H])c1c([H])c([H])c([H])c(F)c1[H],418.44,78.46,1,4,7,3.42
mol_3175,PubChem,39311512,-7.243,9,17,[H]c1sc(-c2c([H])c([H])c(C([H])([H])[H])c([H])c2[H])nc1C([H])([H])C(=O)N([H])[C@]([H])(C(=O)[O-])C([H])([H])c1c([H])n([H])c2c([H])c([H])c([H])c([H])c12,418.5,97.91,2,5,8,2.62
mol_1745,PubChem,4836271,-7.298,9,22,[H]c1c(OC([H])([H])C(=O)N([H])[C@]([H])(C(=O)[O-])C([H])([H])c2c([H])n([H])c3c([H])c([H])c([O-])c([H])c23)c([H])c2oc(=O)c([H])c([H])c2c1[H],420.38,147.52,2,7,7,0.2
mol_3670,PubChem,44424582,-7.253,9,17,[H]c1c([H])c(C([H])([H])[C@@]([H])(C(=O)[O-])C([H])([H])C([H])([H])[H])c([H])c(C([H])([H])N([H])C(=O)c2c([H])c([H])c(C(F)(F)F)c([H])c2[H])c1OC([H])([H])C([H])([H])[H],422.42,78.46,1,4,11,3.35
mol_4380,PubChem,46350379,-7.316,9,6,[H]c1nc(C([H])([H])[H])c2oc(=O)c(-c3nc(-c4c([H])c([H])c([H])c([H])c4F)no3)c([H])c2c1C([H])([H])OC(=O)C([H])([H])C([H])([H])C([H])([H])[H],423.4,108.32,0,8,8,4.2
mol_3625,PubChem,10432525,-7.006,9,28,[H]c1c([H])c(C([H])([H])N([H])C(=O)c2c([H])c(C([H])([H])[C@@]([H])(C(=O)[O-])C([H])([H])C([H])([H])[H])c([H])c([H])c2OC([H])([H])[H])c([H])c([H])c1OC(F)(F)F,424.39,87.69,1,5,11,2.84
mol_3631,PubChem,66978156,-7.131,9,6,[H]c1c([H])c(-c2nc(-c3c([H])c([H])c(-c4c([H])c([H])c(OC([H])([H])C([H])([H])C([H])([H])C(=O)[O-])c([H])c4[H])c([H])c3[H])no2)c([H])c([H])c1C#N,424.44,112.07,0,7,8,3.85
mol_3014,PubChem,10387692,-7.237,9,44,[H]c1c([H])c([H])c2c([H])c3c(c([H])c2c1[H])C(=O)N(C([H])([H])C([H])([H])[C@@]([H])(C(=O)[O-])N([H])[C@@]([H])(C(=O)N([H])C([H])([H])[H])C([H])([H])C([H])(C([H])([H])[H])C([H])([H])[H])C3=O,424.48,118.64,2,6,12,0.69
mol_3316,PubChem,2761672,-7.407,9,11,[H]c1c([H])c([H])c(C([H])([H])[C@@]([H])(N([H])C(=O)OC([H])([H])C2([H])c3c([H])c([H])c([H])c([H])c3-c3c([H])c([H])c([H])c([H])c32)C([H])([H])C(=O)[O-])c(C#N)c1[H],425.46,102.25,1,5,7,3.15
mol_3499,PubChem,152713,-7.594,9,11,[H]c1c(Cl)c2c(c([H])c1C(=O)N([H])[C@@]([H])(C(=O)[O-])C([H])([H])c1c([H])n([H])c3c([H])c([H])c([H])c([H])c13)C(=O)O[C@]([H])(C([H])([H])[H])C2([H])[H],425.85,111.32,2,5,6,2.01
mol_3798,PubChem,91714249,-7.258,9,33,[H]c1c([H])c([N+](=O)[O-])c([H])c([N+](=O)[O-])c1N([H])C([H])([H])C(=O)N([H])[C@]([H])(C(=O)[O-])C([H])([H])c1c([H])n([H])c2c([H])c([H])c([H])c([H])c12,426.36,183.33,3,8,9,0.87
mol_467,PubChem,11711595,-7.348,9,28,[H]c1c([H])c(C([H])([H])[C@@]([H])(C(=O)[O-])C([H])([H])C([H])([H])[H])c([H])c(C([H])([H])N([H])C(=O)c2c([H])c([H])c(C(F)(F)F)c([H])c2F)c1OC([H])([H])[H],426.39,78.46,1,4,10,3.1
mol_1702,PubChem,44424585,-7.465,9,17,[H]c1c([H])c(C([H])([H])[C@@]([H])(C(=O)[O-])C([H])([H])C([H])([H])[H])c([H])c(C([H])([H])N([H])C(=O)c2c([H])c([H])c(C(F)(F)F)c([H])c2F)c1OC([H])([H])[H],426.39,78.46,1,4,10,3.1
mol_835,PubChem,46737447,-7.833,9,11,[H]c1nc2c(c([H])c1[H])c(C([H])([H])[C@@]([H])(C(=O)[O-])N([H])C(=O)OC([H])([H])C1([H])c3c([H])c([H])c([H])c([H])c3-c3c([H])c([H])c([H])c([H])c31)c([H])n2[H],426.45,107.14,2,5,6,2.76
mol_428,PubChem,86318868,-7.824,9,11,[H]c1nc2c(c([H])c1[H])c(C([H])([H])[C@@]([H])(C(=O)[O-])N([H])C(=O)OC([H])([H])C1([H])c3c([H])c([H])c([H])c([H])c3-c3c([H])c([H])c([H])c([H])c31)c([H])n2[H],426.45,107.14,2,5,6,2.76
mol_1012,PubChem,4323821,-7.252,9,0,[H]c1c([H])c(-c2c(OC(=O)C([H])([H])C([H])([H])C([H])([H])[H])c3c([H])c([H])c([H])c([H])c3c3nc4c([H])c([H])c([H])c([H])c4nc23)c([H])c([H])c1Cl,426.9,52.08,0,4,5,6.96
mol_2478,PubChem,491300,-7.964,9,0,[H]c1oc([H])c(-c2nc3c([H])c([H])c(C(=O)N([H])[C@@]([H])(C(=O)[O-])C([H])([H])c4c([H])n([H])c5c([H])c([H])c([O-])c([H])c45)c([H])c3n2[H])c1[H],428.4,149.9,3,6,6,1.47
mol_2708,PubChem,44390264,-7.553,9,0,[H]c1c([H])c(S(=O)(=O)[N-]c2c([H])c([H])c3c(c2[H])c2c(n3[C@@]([H])(C(=O)[O-])C([H])([H])C([H])([H])[H])C([H])([H])C([H])([H])C([H])([H])C2([H])[H])c([H])c([H])c1F,428.48,93.3,0,4,7,3.75
mol_1189,PubChem,4976688,-7.571,9,0,[H]OC1(C#Cc2c([H])c([H])c(C(=O)N([H])[C@@]([H])(C(=O)[O-])C([H])([H])c3c([H])n([H])c4c([H])c([H])c([H])c([H])c34)c([H])c2[H])C([H])([H])C([H])([H])C([H])([H])C([H])([H])C1([H])[H],429.5,105.25,3,4,6,2.31
mol_2312,PubChem,136094907,-7.142,9,11,[H]O[C@]([H])(C(=O)N([H])c1c([H])c([H])c([H])c(-c2c([H])c(-c3c([H])c([H])c([O-])c([H])c3[H])nc(N([H])[H])c2C#N)c1[H])C([H])([H])C([H])([H])C(=O)[O-],430.42,175.22,3,8,9,0.77
mol_1190,PubChem,136094909,-7.248,9,17,[H]O[C@@]([H])(C(=O)N([H])c1c([H])c([H])c([H])c(-c2c([H])c(-c3c([H])c([H])c([H])c([H])c3[O-])nc(N([H])[H])c2C#N)c1[H])C([H])([H])C([H])([H])C(=O)[O-],430.42,175.22,3,8,9,0.77
mol_2838,PubChem,72208815,-7.352,9,0,[H]c1c([H])c([H])c(C([H])([H])C([H])([H])[C@@]([H])(C(=O)[O-])N([H])C(=O)OC([H])([H])C2([H])c3c([H])c([H])c([H])c([H])c3-c3c([H])c([H])c([H])c([H])c32)c(OC([H])([H])[H])c1[H],430.48,87.69,1,5,9,3.29
mol_4214,PubChem,10094168,-7.361,9,0,[H]c1c([H])c([H])c(-c2c([H])c([H])c(C(=O)N([H])[C@]([H])(C([H])([H])[H])[C@]([H])(C(=O)OC([H])([H])[H])C([H])([H])c3c([H])c([H])c([H])c(C(N([H])[H])=[N+]([H])[H])c3[H])c([H])c2[H])c([H])c1[H],430.53,107.01,3,3,10,1.97
mol_3925,PubChem,5122005,-7.303,9,17,[H]C(=N[C@]([H])(C(=O)OC([H])([H])[H])C([H])([H])c1c([H])n([H])c2c([H])c([H])c([H])c([H])c12)c1c([O-])n(-c2c([H])c([H])c([H])c([H])c2[H])c(=O)n([H])c1=O,431.43,132.37,2,6,7,1.28
mol_3962,PubChem,171702876,-7.279,9,17,[H]c1nc(OC([H])([H])[H])c(C([H])([H])C([H])([H])[C@]([H])(C(=O)[O-])N([H])C(=O)OC([H])([H])C2([H])c3c([H])c([H])c([H])c([H])c3-c3c([H])c([H])c([H])c([H])c32)c([H])c1[H],431.47,100.58,1,6,9,2.68
mol_3513,PubChem,171702895,-7.437,9,11,[H]c1nc([H])c(OC([H])([H])[H])c(C([H])([H])C([H])([H])[C@@]([H])(C(=O)[O-])N([H])C(=O)OC([H])([H])C2([H])c3c([H])c([H])c([H])c([H])c3-c3c([H])c([H])c([H])c([H])c32)c1[H],431.47,100.58,1,6,9,2.68
mol_4740,PubChem,44291046,-7.276,9,0,[H]c1nc(-c2c([H])c([H])c(C(=O)N([H])[C@]([H])(C([H])([H])[H])[C@@]([H])(C(=O)OC([H])([H])[H])C([H])([H])c3c([H])c([H])c([H])c(C(N([H])[H])=[N+]([H])[H])c3[H])c([H])c2[H])c([H])c([H])c1[H],431.52,119.9,3,4,10,1.36
mol_2231,PubChem,3905118,-7.456,9,6,[H]c1c([H])c([H])c2c(c1[H])c(C([H])([H])[C@@]([H])(C(=O)[O-])N([H])[H])c([H])n2[C@@]([H])(n1c([H])c(C([H])([H])[C@]([H])(C(=O)[O-])N([H])[H])c2c([H])c([H])c([H])c([H])c21)C([H])([H])[H],432.48,142.16,2,6,11,-0.1
mol_3813,PubChem,107700,-7.093,9,6,[H]c1c([H])c([H])c2c(c1[H])c(C([H])([H])[C@@]([H])(C(=O)[O-])N([H])[H])c([H])n2[C@@]([H])(n1c([H])c(C([H])([H])[C@]([H])(C(=O)[O-])N([H])[H])c2c([H])c([H])c([H])c([H])c21)C([H])([H])[H],432.48,142.16,2,6,11,-0.1
mol_2828,PubChem,91819915,-7.72,9,0,[H]C(=C(C([H])([H])[H])C([H])([H])[H])C([H])([H])c1c([O-])c([H])c([H])c2c3c(n([H])c12)C(C([H])([H])[H])(C([H])([H])[H])[C@@]1([H])C([H])([H])[C@@]24C(=O)N([H])[C@@]1(C(=O)N2C([H])([H])C([H])([H])C4([H])[H])C3([H])[H],432.54,88.26,2,3,6,2.83
mol_681,PubChem,135397943,-7.734,9,0,[H]C(=C(C([H])([H])[H])C([H])([H])[H])C([H])([H])c1c([O-])c([H])c([H])c2c3c(n([H])c12)C(C([H])([H])[H])(C([H])([H])[H])[C@@]1([H])C([H])([H])[C@@]24C(=O)N([H])[C@@]1(C(=O)N2C([H])([H])C([H])([H])C4([H])[H])C3([H])[H],432.54,88.26,2,3,6,2.83
mol_1469,PubChem,89812866,-7.037,9,0,[H]c1c([H])c(OC([H])([H])[H])c([H])c([H])c1Oc1c([H])c([H])c2c([O-])c(C(=O)N([H])C(C([H])([H])[H])(C([H])([H])[H])C([H])([H])C(=O)[O-])nc(C#N)c2c1[H],433.42,147.43,1,8,10,1.63
mol_265,PubChem,1784691,-7.024,9,11,[H]c1c(OC([H])([H])C(=O)N([H])[C@@]([H])(C(=O)[O-])C([H])([H])c2c([H])n([H])c3c([H])c([H])c([H])c([H])c23)c([H])c2oc(=O)c(C([H])([H])[H])c(C([H])([H])[H])c2c1[H],433.44,124.46,2,6,9,1.75
mol_638,PubChem,1795346,-7.424,9,22,[H]c1c(OC([H])([H])C(=O)N([H])[C@]([H])(C(=O)[O-])C([H])([H])c2c([H])n([H])c3c([H])c([H])c([H])c([H])c23)c([H])c2oc(=O)c([H])c(C([H])([H])C([H])([H])[H])c2c1[H],433.44,124.46,2,6,9,1.69
mol_3279,PubChem,16127569,-7.087,9,0,[H]C([H])=C([H])C(c1c(C([H])([H])[C@@]2([H])C(=O)N3C([H])([H])C([H])([H])C([H])([H])[C@@]3([H])C(=O)N2[H])c2c([H])c([H])c3c(c2n1[H])C([H])=C([H])C(C([H])([H])[H])(C([H])([H])[H])O3)(C([H])([H])[H])C([H])([H])[H],433.55,74.43,2,3,8,3.85
mol_3482,PubChem,4834689,-7.453,9,22,[H]c1c(OC([H])([H])C(=O)N([H])[C@]([H])(C(=O)[O-])C([H])([H])c2c([H])n([H])c3c([H])c([H])c([O-])c([H])c23)c([H])c2oc(=O)c([H])c(C([H])([H])[H])c2c1[H],434.4,147.52,2,7,8,0.51
mol_1072,PubChem,6216708,-7.654,9,0,[H]Oc1c([H])c([H])c2c(C([H])([H])[H])c(C([H])([H])C(=O)N([H])[C@@]([H])(C(=O)[O-])C([H])([H])c3c([H])n([H])c4c([H])c([H])c([O-])c([H])c34)c(=O)oc2c1[H],434.4,158.52,3,7,8,0.38
mol_1474,PubChem,54751156,-7.09,9,6,[H]c1c([H])c(C([H])([H])n2c(=O)c(C(=O)N([H])[C@]([H])(C(=O)[O-])C([H])([H])C([H])([H])[H])c([O-])c3c([H])c([H])c([H])n32)c([H])c([H])c1C(F)(F)F,435.36,118.7,1,5,7,0.5
mol_3236,PubChem,22424590,-7.214,9,6,[H]c1nc(C([H])([H])[H])c2oc(=O)c(-c3nc(-c4c([H])c([H])c(OC([H])([H])[H])c([H])c4[H])no3)c([H])c2c1C([H])([H])OC(=O)C([H])([H])C([H])([H])C([H])([H])[H],435.44,117.55,0,9,10,4.07
mol_2637,PubChem,71798239,-7.247,9,6,[H]c1sc([C@]([H])(C([H])([H])C(=O)[O-])C([H])([H])C(=O)N([H])c2c([H])c([H])c3c(c2[H])C(=O)N([H])c2c([H])c(C([H])([H])[H])c([H])c([H])c2O3)c([H])c1[H],435.48,107.56,2,6,7,3.67
mol_1604,PubChem,101463298,-7.164,9,0,[H]C([H])=C(C([H])([H])[H])[C@@]1([H])C([H])([H])[C@]23C(=O)N([H])[C@@]1(C([H])([H])C(=O)c1c([H])c([H])c4c(c1N([H])[H])C([H])=C([H])C(C([H])([H])[H])(C([H])([H])[H])O4)C(=O)N2C([H])([H])C([H])([H])C3([H])[H],435.52,101.73,2,5,8,2.85
mol_647,PubChem,132487495,-7.142,9,0,[H]C([H])=C(C([H])([H])[H])[C@@]1([H])C([H])([H])[C@]23C(=O)N([H])[C@@]1(C([H])([H])C(=O)c1c([H])c([H])c4c(c1N([H])[H])C([H])=C([H])C(C([H])([H])[H])(C([H])([H])[H])O4)C(=O)N2C([H])([H])C([H])([H])C3([H])[H],435.52,101.73,2,5,8,2.85
mol_1953,PubChem,10026044,-7.496,9,6,[H]c1nc([H])c([C@]([H])(C([H])([H])C(=O)[O-])C([H])([H])C2([H])C([H])([H])C([H])([H])N(C(=O)C([H])([H])C([H])([H])c3nc4c(c([H])c3[H])C([H])([H])C([H])([H])C([H])([H])N4[H])C([H])([H])C2([H])[H])c([H])c1[H],435.55,98.25,1,6,8,2.32
mol_708,PubChem,138108725,-7.696,9,22,[H]c1c([H])c(F)c(C([H])([H])C([H])([H])[C@]([H])(C(=O)[O-])N([H])C(=O)OC([H])([H])C2([H])c3c([H])c([H])c([H])c([H])c3-c3c([H])c([H])c([H])c([H])c32)c(F)c1[H],436.43,78.46,1,4,7,3.55
mol_2681,PubChem,2761644,-7.015,9,0,[H]c1c([H])c([H])c2c(c1[H])-c1c([H])c([H])c([H])c([H])c1C2([H])C([H])([H])OC(=O)N([H])[C@@]([H])(C([H])([H])C(=O)[O-])C([H])([H])c1c([H])c([H])c(F)c(F)c1[H],436.43,78.46,1,4,7,3.55
mol_2096,PubChem,145710049,-7.033,9,11,[H]c1c([H])c([H])c2c(c1[H])-c1c([H])c([H])c([H])c([H])c1C2([H])C([H])([H])OC(=O)N([H])[C@@]([H])(C([H])([H])C(=O)[O-])C([H])([H])c1c([H])c(F)c([H])c(F)c1[H],436.43,78.46,1,4,7,3.55
mol_1893,PubChem,7009793,-7.118,9,11,[H]c1c([H])c([H])c2c(c1[H])-c1c([H])c([H])c([H])c([H])c1C2([H])C([H])([H])OC(=O)N([H])[C@@]([H])(C([H])([H])C(=O)[O-])C([H])([H])c1c([H])c([H])c(F)c(F)c1[H],436.43,78.46,1,4,7,3.55
mol_1188,PubChem,137795939,-7.967,9,11,[H]c1c([H])c([H])c2c(c1[H])-c1c([H])c([H])c([H])c([H])c1C2([H])C([H])([H])OC(=O)N([H])[C@@]([H])(C(=O)[O-])C([H])([H])C([H])([H])c1c([H])c([H])c(F)c(F)c1[H],436.43,78.46,1,4,7,3.55
mol_1903,PubChem,138108899,-7.535,9,0,[H]c1c([H])c([H])c2c(c1[H])-c1c([H])c([H])c([H])c([H])c1C2([H])C([H])([H])OC(=O)N([H])[C@@]([H])(C(=O)[O-])C([H])([H])C([H])([H])c1c([H])c(F)c([H])c([H])c1F,436.43,78.46,1,4,7,3.55
mol_2878,PubChem,118704945,-7.239,9,11,[H]c1c([H])c([H])c2c(c1[H])-c1c([H])c([H])c([H])c([H])c1C2([H])C([H])([H])OC(=O)N([H])[C@]([H])(C([H])([H])C(=O)[O-])C([H])([H])c1c([H])c([H])c(F)c([H])c1F,436.43,78.46,1,4,7,3.55
mol_2093,PubChem,137794955,-7.613,9,11,[H]c1c([H])c([H])c2c(c1[H])-c1c([H])c([H])c([H])c([H])c1C2([H])C([H])([H])OC(=O)N([H])[C@@]([H])(C(=O)[O-])C([H])([H])C([H])([H])c1c([H])c([H])c(F)c([H])c1F,436.43,78.46,1,4,7,3.55
mol_41,PubChem,44146938,-8.22,9,11,[H]c1c([H])c(S(=O)(=O)n2c([H])c(C([H])([H])[C@]([H])(C(=O)[O-])N([H])[H])c3c([H])c([H])c([H])c([H])c32)c2c([H])c([H])c([H])c(N(C([H])([H])[H])C([H])([H])[H])c2c1[H],436.51,108.46,1,6,9,1.72
mol_4493,PubChem,44349027,-7.256,9,17,[H]c1nc2c([H])c([H])c([H])c([H])c2c([H])c1C(=O)N([H])[C@@]([H])(C(=O)[N-]N1C([H])([H])C([H])([H])C2(C([H])([H])C1([H])[H])C([H])([H])C([H])([H])C([H])([H])C2([H])[H])C([H])([H])C([H])([H])C(=O)[O-],436.51,116.53,1,6,7,2.33
mol_2265,PubChem,59848136,-7.242,9,0,[H]c1c([H])c([H])c2c(=O)c3c([H])c(N([H])C(=O)C([H])([H])C([H])([H])C([H])([H])C(=O)ON4C(=O)C([H])([H])C([H])([H])C4=O)c([H])c([H])c3sc2c1[H],438.46,109.85,1,7,6,3.13
mol_124,PubChem,45479400,-7.976,9,0,[H]O[C@@]1([H])[C@@]2(C([H])([H])[H])O[C@]([H])(n3c4c([H])c([H])c([H])c([H])c4c4c5c(c6c7c([H])c([H])c([H])c([H])c7n2c6c43)C([H])([H])N([H])C5=O)C([H])([H])[C@@]1([H])N([H])[H],438.49,94.44,3,4,3,3.44
mol_367,PubChem,10983006,-7.955,9,0,[H]O[C@@]1([H])[C@@]2(C([H])([H])[H])O[C@]([H])(n3c4c([H])c([H])c([H])c([H])c4c4c5c(c6c7c([H])c([H])c([H])c([H])c7n2c6c43)C([H])([H])N([H])C5=O)C([H])([H])[C@@]1([H])N([H])[H],438.49,94.44,3,4,3,3.44
mol_491,PubChem,93622842,-7.034,9,0,[H]c1c([H])c([H])c2c(c1[H])-c1c([H])c([H])c([H])c([H])c1C2([H])C([H])([H])OC(=O)N([H])[C@@]([H])(C(=O)[O-])C([H])([H])c1c([H])n([H])c2c(C([H])([H])[H])c([H])c([H])c([H])c12,439.49,94.25,2,4,7,3.68
mol_76,PubChem,25058578,-7.835,9,11,[H]c1c([H])c([H])c2c(c1[H])-c1c([H])c([H])c([H])c([H])c1C2([H])C([H])([H])OC(=O)N(C([H])([H])[H])[C@]([H])(C(=O)[O-])C([H])([H])c1c([H])n([H])c2c([H])c([H])c([H])c([H])c12,439.49,85.46,1,4,7,3.71
mol_389,PubChem,25034162,-7.145,9,0,[H]c1c([H])c([H])c2c(c1[H])-c1c([H])c([H])c([H])c([H])c1C2([H])C([H])([H])OC(=O)N(C([H])([H])[H])[C@]([H])(C(=O)[O-])C([H])([H])c1c([H])n([H])c2c([H])c([H])c([H])c([H])c12,439.49,85.46,1,4,7,3.71
mol_1267,PubChem,90460691,-8.017,9,0,[H]c1c([H])c([H])c2c(c1[H])-c1c([H])c([H])c([H])c([H])c1C2([H])C([H])([H])OC(=O)N([H])[C@@]([H])(C(=O)[O-])C([H])([H])c1c([H])n([H])c2c(C([H])([H])[H])c([H])c([H])c([H])c12,439.49,94.25,2,4,7,3.68
mol_707,PubChem,56971805,-8.132,9,6,[H]c1c([H])c([H])c2c(c1[H])-c1c([H])c([H])c([H])c([H])c1C2([H])C([H])([H])OC(=O)N([H])[C@@]([H])(C(=O)[O-])C([H])([H])c1c([H])n(C([H])([H])[H])c2c([H])c([H])c([H])c([H])c12,439.49,83.39,1,4,7,3.38
mol_3287,PubChem,86655500,-7.296,9,11,[H]C(C(=O)N([H])[C@]([H])(C(=O)[O-])C([H])([H])c1c([H])n(C([H])([H])[H])c2c([H])c([H])c([H])c([H])c12)=C([H])c1c([H])c([H])c(Oc2c([H])c([H])c([H])c([H])c2[H])c([H])c1[H],439.49,83.39,1,4,9,3.46
mol_3480,PubChem,198341,-7.672,9,17,[H]c1c(Cl)c2c(c([O-])c1C(=O)N([H])[C@@]([H])(C(=O)[O-])C([H])([H])c1c([H])n([H])c3c([H])c([H])c([H])c([H])c13)C(=O)O[C@]([H])(C([H])([H])[H])C2([H])[H],440.84,134.38,2,6,6,1.09
mol_2829,PubChem,54042425,-7.182,9,11,[H]c1c([H])c([H])c(C([H])([H])ON=C(c2c([H])c([H])c(N3C([H])([H])C([H])([H])C([H])(c4c([H])c([H])c([H])c([H])c4[H])C([H])([H])C3([H])[H])c([H])c2[H])C([H])([H])C([H])([H])C(=O)[O-])c([H])c1[H],441.55,64.96,0,5,9,4.52
mol_720,PubChem,3325831,-7.857,9,28,[H]c1c([H])c([H])c2c(c1[H])c(C([H])([H])[C@@]([H])(C(=O)[O-])N([H])C(=O)c1c([H])c([H])c([C@]34C([H])([H])[C@@]5([H])C([H])([H])[C@]([H])(C([H])([H])[C@]([H])(C5([H])[H])C3([H])[H])C4([H])[H])c([H])c1[H])c([H])n2[H],441.55,85.02,2,3,6,3.73
mol_4916,PubChem,156757839,-7.39,9,11,[H]c1c([H])c([H])c2c(c1[H])-c1c([H])c([H])c([H])c([H])c1C2([H])C([H])([H])OC(=O)N([H])[C@]([H])(C(=O)[O-])C([H])([H])C([H])([H])c1c(C([H])([H])[H])c([H])c(C([H])([H])[H])c([H])c1C([H])([H])[H],442.53,78.46,1,4,10,4.2
mol_424,PubChem,94021289,-7.854,9,28,[H]c1c([H])c([H])c2c(c1[H])-c1c([H])c([H])c([H])c([H])c1C2([H])C([H])([H])OC(=O)N([H])[C@@]([H])(C(=O)[O-])C([H])([H])c1c([H])n([H])c2c([H])c([H])c([H])c(F)c12,443.45,94.25,2,4,6,3.51
mol_284,PubChem,72699111,-7.936,9,22,[H]c1c([H])c([H])c2c(c1[H])-c1c([H])c([H])c([H])c([H])c1C2([H])C([H])([H])OC(=O)N([H])[C@]([H])(C(=O)[O-])C([H])([H])c1c([H])n([H])c2c(F)c([H])c([H])c([H])c12,443.45,94.25,2,4,6,3.51
mol_1753,PubChem,9955119,-7.5,9,17,[H]c1nc([C@@]([H])(C([H])([H])[H])C([H])([H])C(=O)[O-])c([H])c([H])c1N([H])C(=O)C([H])([H])c1c([H])c([H])c2nc(N([H])c3c([H])c([H])c([H])c([H])c3C([H])([H])[H])oc2c1[H],443.48,120.18,2,7,10,3.7
mol_3210,PubChem,117827040,-7.098,9,6,[H]c1nc(-c2c([H])c(-c3nn([C@@]([H])(OC(=O)C([H])([H])C([H])([H])C([H])([H])[H])C([H])([H])[H])nc3C#N)c([H])c(C([H])([H])[H])c2[H])nc(C(F)(F)F)c1[H],444.42,106.58,0,7,9,4.46
mol_3008,PubChem,136094914,-7.375,9,11,[H]O[C@@]([H])(C(=O)N([H])c1c([H])c([H])c([H])c(-c2c(C#N)c(N([H])[H])nc(-c3c([H])c([H])c([H])c([H])c3[O-])c2C([H])([H])[H])c1[H])C([H])([H])C([H])([H])C(=O)[O-],444.45,175.22,3,8,10,1.08
mol_3570,PubChem,59492629,-7.255,9,6,[H]O[C@]1(C(F)(F)F)c2c([H])c([H])c([H])c([H])c2-c2c(-c3c([H])nn(C([H])([H])C([H])([H])C([H])([H])C(=O)OC([H])([H])C([H])([H])[H])c3[H])c([H])c(C([H])([H])[H])c([H])c21,444.45,64.35,1,4,9,4.98
mol_4053,PubChem,10388816,-7.273,9,0,[H]c1c([H])c([H])c(C([H])([H])[H])c(N([H])C(=O)N([H])c2c([H])c([H])c(C([H])([H])C(=O)N([H])c3c([H])c([H])c([C@]([H])(C([H])([H])[H])C([H])([H])C(=O)[O-])c([H])c3[H])c([H])c2[H])c1[H],444.51,110.36,3,4,10,4.06
mol_2785,PubChem,11037638,-7.278,9,0,[H]c1c([H])c([H])c(C([H])([H])[H])c(N([H])C(=O)N([H])c2c([H])c([H])c(C([H])([H])C(=O)N([H])c3c([H])c([H])c([H])c([C@]([H])(C([H])([H])[H])C([H])([H])C(=O)[O-])c3[H])c([H])c2[H])c1[H],444.51,110.36,3,4,10,4.06
mol_2101,PubChem,10275376,-7.225,9,22,[H]c1c([H])c([H])c(C([H])([H])C([H])([H])c2c([H])c([H])c(C([H])([H])N([H])C(=O)c3c([H])c(C([H])([H])[C@]([H])(C(=O)[O-])C([H])([H])C([H])([H])[H])c([H])c([H])c3OC([H])([H])[H])c([H])c2[H])c([H])c1[H],444.55,78.46,1,4,13,3.73
mol_1519,PubChem,17571873,-7.231,9,0,[H]c1c(OC([H])([H])C(=O)N([H])[C@]([H])(C(=O)[O-])C([H])([H])c2c([H])n([H])c3c([H])c([H])c([H])c([H])c23)c([H])c2c(=O)n3c(nc2c1[H])C([H])([H])C([H])([H])C3([H])[H],445.45,129.14,2,6,7,0.68
mol_2235,PubChem,3338344,-7.082,9,0,[H]C(=N[C@]([H])(C(=O)OC([H])([H])[H])C([H])([H])c1c([H])n([H])c2c([H])c([H])c([H])c([H])c12)c1c([O-])n(-c2c([H])c([H])c([H])c(C([H])([H])[H])c2[H])c(=O)n([H])c1=O,445.45,132.37,2,6,8,1.59
mol_4436,PubChem,3851161,-7.171,9,0,[H]C(=N[C@]([H])(C(=O)OC([H])([H])[H])C([H])([H])c1c([H])n([H])c2c([H])c([H])c([H])c([H])c12)c1c([O-])n(-c2c([H])c([H])c(C([H])([H])[H])c([H])c2[H])c(=O)n([H])c1=O,445.45,132.37,2,6,8,1.59
mol_864,PubChem,3843882,-7.803,9,0,[H]c1c(OC([H])([H])C(=O)N([H])[C@]([H])(C(=O)[O-])C([H])([H])c2c([H])n([H])c3c([H])c([H])c([H])c([H])c23)c([H])c2oc(=O)c3c(c2c1[H])C([H])([H])C([H])([H])C3([H])[H],445.45,124.46,2,6,7,1.62
mol_1614,PubChem,3763230,-7.389,9,6,[H]C(=N[C@@]([H])(C(=O)OC([H])([H])[H])C([H])([H])c1c([H])n([H])c2c([H])c([H])c([H])c([H])c12)c1c([O-])n(-c2c([H])c([H])c([H])c([H])c2C([H])([H])[H])c(=O)n([H])c1=O,445.45,132.37,2,6,8,1.59
mol_1338,PubChem,7009742,-7.038,9,11,[H]c1c([H])c([H])c2c(c1[H])-c1c([H])c([H])c([H])c([H])c1C2([H])C([H])([H])OC(=O)N([H])[C@]([H])(C([H])([H])C(=O)[O-])C([H])([H])c1c([H])c([H])c([N+](=O)[O-])c([H])c1[H],445.45,121.6,1,6,8,3.18
mol_211,PubChem,132487496,-8.645,9,11,[H]C1=C([H])C(C([H])([H])[H])(C([H])([H])[H])Oc2c([H])c([H])c3c4c(n([H])c3c21)C(C([H])([H])[H])(C([H])([H])[H])[C@@]1([H])C([H])([H])[C@]23C(=O)N([H])[C@@]1(C4=O)C(=O)N2C([H])([H])C([H])([H])C3([H])[H],445.52,91.5,2,4,4,3.08
mol_74,PubChem,25180708,-8.63,9,11,[H]C1=C([H])C(C([H])([H])[H])(C([H])([H])[H])Oc2c([H])c([H])c3c4c(n([H])c3c21)C(C([H])([H])[H])(C([H])([H])[H])[C@@]1([H])C([H])([H])[C@]23C(=O)N([H])[C@@]1(C4=O)C(=O)N2C([H])([H])C([H])([H])C3([H])[H],445.52,91.5,2,4,4,3.08
mol_22,PubChem,132487494,-8.617,9,0,[H]C1=C([H])C(C([H])([H])[H])(C([H])([H])[H])Oc2c([H])c([H])c3c4c(n([H])c3c21)C(C([H])([H])[H])(C([H])([H])[H])[C@@]1([H])C([H])([H])[C@]23C(=O)N([H])[C@@]1(C4=O)C(=O)N2C([H])([H])C([H])([H])C3([H])[H],445.52,91.5,2,4,4,3.08
mol_1157,PubChem,10742029,-7.222,9,22,[H]c1c([H])c([C@]([H])(ON=C(C(=O)[O-])C([H])([H])C([H])([H])[H])C2([H])C([H])([H])C([H])([H])C([H])([H])C([H])([H])C2([H])[H])c([H])c([H])c1OC([H])([H])c1nc2c([H])c([H])c([H])c([H])c2c([H])c1[H],445.54,83.84,0,6,10,4.97
mol_3311,PubChem,89812877,-7.485,9,11,[H]c1c([H])c([H])c(Oc2c([H])c([H])c3c([O-])c(C(=O)N([H])C([H])([H])C([H])([H])[C@]([H])(C(=O)[O-])N([H])C(=O)C([H])([H])[H])nc(C#N)c3c2[H])c([H])c1[H],446.42,167.3,2,8,9,0.35
mol_977,PubChem,6851187,-7.732,9,22,[H]c1c([O-])c(C([H])([H])[H])c2oc(=O)c(C([H])([H])C([H])([H])C(=O)N([H])[C@@]([H])(C(=O)[O-])C([H])([H])c3c([H])n([H])c4c([H])c([H])c([H])c([H])c34)c(C([H])([H])[H])c2c1[H],446.46,138.29,2,6,9,1.37
mol_2748,PubChem,74587934,-7.137,9,0,[H]c1sc(-c2c([H])c([H])c(C([H])(C([H])([H])[H])C([H])([H])[H])c([H])c2[H])nc1C([H])([H])C(=O)N([H])[C@@]([H])(C(=O)[O-])C([H])([H])c1c([H])n([H])c2c([H])c([H])c([H])c([H])c12,446.55,97.91,2,5,10,3.43
mol_335,PubChem,102445153,-7.011,9,0,[H]c1c([H])c([H])c(C(=O)O[C@]2([H])C([H])([H])C([H])([H])[C@]3([H])[C@]4([H])C([H])([H])C([H])([H])c5c([H])c(OC(=O)C([H])([H])C([H])([H])C([H])([H])[H])c([H])c([H])c5[C@@]4([H])C([H])([H])C([H])([H])[C@@]32C([H])([H])[H])c([H])c1[H],446.59,52.6,0,4,7,6.47
mol_733,PubChem,3823017,-7.357,9,17,[H]c1c(O[C@]([H])(C(=O)N([H])[C@]([H])(C(=O)[O-])C([H])([H])c2c([H])n([H])c3c([H])c([H])c([H])c([H])c23)C([H])([H])[H])c([H])c2oc(=O)c([H])c(C([H])([H])C([H])([H])[H])c2c1[H],447.47,124.46,2,6,10,2.08
mol_808,PubChem,1751420,-7.735,9,28,[H]c1c(C([H])([H])[H])c([H])c2oc(=O)c(C([H])([H])[H])c(C([H])([H])[H])c2c1OC([H])([H])C(=O)N([H])[C@@]([H])(C(=O)[O-])C([H])([H])c1c([H])n([H])c2c([H])c([H])c([H])c([H])c12,447.47,124.46,2,6,10,2.06
mol_665,PubChem,1798814,-7.32,9,17,[H]c1c(OC([H])([H])C(=O)N([H])[C@]([H])(C(=O)[O-])C([H])([H])c2c([H])n([H])c3c([H])c([H])c([H])c([H])c23)c(C([H])([H])[H])c2oc(=O)c([H])c(C([H])([H])C([H])([H])[H])c2c1[H],447.47,124.46,2,6,10,2.0
mol_3142,PubChem,1798666,-7.17,9,0,[H]c1c(OC([H])([H])C(=O)N([H])[C@@]([H])(C(=O)[O-])C([H])([H])c2c([H])n([H])c3c([H])c([H])c([H])c([H])c23)c(C([H])([H])[H])c2oc(=O)c(C([H])([H])[H])c(C([H])([H])[H])c2c1[H],447.47,124.46,2,6,10,2.06
mol_2007,PubChem,44290560,-7.091,9,0,[H]c1c([H])c(C(N([H])[H])=[N+]([H])[H])c([H])c(C([H])([H])[C@]([H])(C(=O)OC([H])([H])[H])[C@]([H])(N([H])C(=O)c2c([H])c([H])c(-c3c([H])c([H])c([H])[n+]([O-])c3[H])c([H])c2[H])C([H])([H])[H])c1[H],447.51,133.95,3,4,10,0.6
mol_1368,PubChem,5496659,-7.039,9,6,[H]c1c([H])c(C(N([H])[H])=[N+]([H])[H])c([H])c(C([H])([H])[C@@]([H])(C(=O)OC([H])([H])[H])[C@@]([H])(N([H])C(=O)c2c([H])c([H])c(-c3c([H])c([H])[n+]([O-])c([H])c3[H])c([H])c2[H])C([H])([H])[H])c1[H],447.51,133.95,3,4,10,0.6
mol_1232,PubChem,44291050,-7.014,9,28,[H]c1c([H])c(C(N([H])[H])=[N+]([H])[H])c([H])c(C([H])([H])[C@@]([H])(C(=O)OC([H])([H])[H])[C@]([H])(N([H])C(=O)c2c([H])c([H])c(-c3c([H])c([H])c([H])c([H])[n+]3[O-])c([H])c2[H])C([H])([H])[H])c1[H],447.51,133.95,3,4,10,0.6
mol_2631,PubChem,10837146,-7.074,9,6,[H]c1c([H])c(C(N([H])[H])=[N+]([H])[H])c([H])c([H])c1C1=NO[C@@]([H])(C([H])([H])C(=O)N([H])[C@@]([H])(C(=O)N2C([H])([H])C([H])([H])SC([H])([H])C2([H])[H])C([H])([H])C(=O)[O-])C1([H])[H],447.52,162.74,3,7,8,-2.77
mol_53,PubChem,145740486,-8.024,9,11,[H]C1=C([H])C(C([H])([H])[H])(C([H])([H])[H])Oc2c([H])c([H])c3c(c21)N([H])C(=O)[C@@]31C(C([H])([H])[H])(C([H])([H])[H])[C@@]2([H])C([H])([H])[C@]34C(=O)N([H])[C@]2(C(=O)N3C([H])([H])C([H])([H])C4([H])[H])C1([H])[H],447.53,87.74,2,4,4,2.74
mol_385,PubChem,156583059,-8.524,9,0,[H]C1=C([H])C(C([H])([H])[H])(C([H])([H])[H])Oc2c([H])c3c(c([H])c21)[C@]1(C(=O)N3[H])C(C([H])([H])[H])(C([H])([H])[H])[C@]2([H])C([H])([H])[C@@]34C(=O)N([H])[C@@]2(C(=O)N3C([H])([H])C([H])([H])C4([H])[H])C1([H])[H],447.53,87.74,2,4,4,2.74
mol_516,PubChem,16127923,-7.833,9,11,[H]C1=C([H])C(C([H])([H])[H])(C([H])([H])[H])Oc2c([H])c([H])c3c(c21)N([H])C(=O)[C@@]31C(C([H])([H])[H])(C([H])([H])[H])[C@@]2([H])C([H])([H])[C@]34C(=O)N([H])[C@]2(C(=O)N3C([H])([H])C([H])([H])C4([H])[H])C1([H])[H],447.53,87.74,2,4,4,2.74
mol_105,PubChem,139591207,-7.865,9,0,[H]O[C@@]1([H])c2c(n([H])c3c4c(c([H])c([H])c23)OC(C([H])([H])[H])(C([H])([H])[H])C([H])=C4[H])C(C([H])([H])[H])(C([H])([H])[H])[C@]2([H])C([H])([H])[C@@]34C(=O)N([H])[C@]21C(=O)N3C([H])([H])C([H])([H])C4([H])[H],447.53,94.66,3,4,5,2.93
mol_175,PubChem,16680451,-7.882,9,0,[H]C1=C([H])C(C([H])([H])[H])(C([H])([H])[H])Oc2c([H])c([H])c3c(c21)N([H])C(=O)[C@@]31C(C([H])([H])[H])(C([H])([H])[H])[C@@]2([H])C([H])([H])[C@]34C(=O)N([H])[C@]2(C(=O)N3C([H])([H])C([H])([H])C4([H])[H])C1([H])[H],447.53,87.74,2,4,4,2.74
mol_212,PubChem,134721282,-7.867,9,0,[H]O[C@@]1([H])c2c(n([H])c3c4c(c([H])c([H])c23)OC(C([H])([H])[H])(C([H])([H])[H])C([H])=C4[H])C(C([H])([H])[H])(C([H])([H])[H])[C@]2([H])C([H])([H])[C@@]34C(=O)N([H])[C@]21C(=O)N3C([H])([H])C([H])([H])C4([H])[H],447.53,94.66,3,4,5,2.93
mol_264,PubChem,46919488,-7.876,9,0,[H]O[C@@]1([H])c2c(n([H])c3c4c(c([H])c([H])c23)OC(C([H])([H])[H])(C([H])([H])[H])C([H])=C4[H])C(C([H])([H])[H])(C([H])([H])[H])[C@]2([H])C([H])([H])[C@@]34C(=O)N([H])[C@]21C(=O)N3C([H])([H])C([H])([H])C4([H])[H],447.53,94.66,3,4,5,2.93
mol_2769,PubChem,136094905,-7.898,9,0,[H]O[C@]([H])(C(=O)N([H])c1c([H])c([H])c([H])c(-c2c([H])c(-c3c([H])c(F)c([H])c([H])c3[O-])nc(N([H])[H])c2C#N)c1[H])C([H])([H])C([H])([H])C(=O)[O-],448.41,175.22,3,8,9,0.91
mol_1258,PubChem,6216862,-7.623,9,6,[H]Oc1c([H])c([H])c2c(C([H])([H])[H])c(C([H])([H])C([H])([H])C(=O)N([H])[C@@]([H])(C(=O)[O-])C([H])([H])c3c([H])n([H])c4c([H])c([H])c([O-])c([H])c34)c(=O)oc2c1[H],448.43,158.52,3,7,9,0.77
mol_1200,PubChem,6216772,-7.728,9,0,[H]Oc1c([H])c([H])c2c(C([H])([H])[H])c(C([H])([H])C(=O)N([H])[C@]([H])(C(=O)[O-])C([H])([H])c3c([H])n([H])c4c([H])c([H])c([O-])c([H])c34)c(=O)oc2c1C([H])([H])[H],448.43,158.52,3,7,9,0.69
mol_13,PubChem,52489,-9.027,9,11,[H]c1c([H])c([H])c2c(c1[H])C(=O)c1c([H])c([H])c([H])c3c([H])c([H])c(-n4nc5c6c(c([H])c([H])c([H])c64)C(=O)c4c([H])c([H])c([H])c([H])c4-5)c-2c13,448.48,51.96,0,3,1,6.6
mol_3885,PubChem,16403960,-7.461,9,17,[H]c1c([H])c([H])c2c(c1[H])C(=O)N1[C@]2([H])SC(C([H])([H])[H])(C([H])([H])[H])[C@]1([H])C(=O)N([H])[C@]([H])(C(=O)[O-])C([H])([H])c1c([H])n([H])c2c([H])c([H])c([H])c([H])c12,448.52,105.33,2,5,7,1.99
mol_562,PubChem,44395319,-7.417,9,0,[H]OC1(c2c([H])c([H])c(Cl)c([H])c2[H])C([H])([H])C([H])([H])N(C([H])([H])C([H])([H])C(C(=O)[O-])(c2c([H])c([H])c([H])c([H])c2[H])c2c([H])c([H])c([H])c([H])c2[H])C([H])([H])C1([H])[H],448.97,63.6,1,4,8,3.75
mol_1587,PubChem,3788451,-7.489,9,6,[H]C(=N[C@@]([H])(C(=O)OC([H])([H])[H])C([H])([H])c1c([H])n([H])c2c([H])c([H])c([H])c([H])c12)c1c([O-])n(-c2c([H])c([H])c(F)c([H])c2[H])c(=O)n([H])c1=O,449.42,132.37,2,6,7,1.42
mol_938,PubChem,135488887,-7.495,9,11,[H]c1c([H])c(C([H])([H])C([H])([H])c2c([H])n([H])c3nc(N([H])[H])n([H])c(=O)c23)c([H])c([H])c1C(=O)N([H])[C@@]([H])(C(=O)[O-])C([H])([H])C([H])([H])c1nn[n-]n1,449.43,209.56,4,9,10,-1.76
mol_3404,PubChem,25163938,-7.084,9,0,[H]C([H])=C([H])C(C([H])([H])[H])(C([H])([H])[H])[C@@]1(C([H])([H])[C@@]2([H])C(=O)N3C([H])([H])C([H])([H])C([H])([H])[C@@]3([H])C(=O)N2[H])C(=O)N([H])c2c3c(c([H])c([H])c21)OC(C([H])([H])[H])(C([H])([H])[H])C([H])=C3[H],449.55,87.74,2,4,8,3.15
mol_1334,PubChem,52939741,-7.342,9,39,[H]c1c([H])c(-c2c([H])c(F)c(F)c([H])c2OC([H])([H])[H])c([H])c([H])c1OC([H])([H])c1c([H])c([H])c2c([H])c([H])n([C@]([H])(C([H])([H])[H])C([H])([H])C(=O)[O-])c2c1[H],450.46,63.52,0,4,10,4.88
mol_3203,PubChem,9825046,-7.199,9,11,[H]c1c([H])c(Oc2c([H])c([H])c(C([H])([H])N([H])C(=O)c3c([H])c(C([H])([H])[C@]([H])(C(=O)[O-])C([H])([H])C([H])([H])[H])c([H])c([H])c3OC([H])([H])[H])c([H])c2[H])c([H])c([H])c1F,450.49,87.69,1,5,12,3.88
mol_3609,PubChem,44348870,-7.268,9,11,[H]c1nc2c([H])c([H])c([H])c([H])c2c([H])c1C(=O)N([H])[C@@]([H])(C(=O)[N-]N1C([H])([H])C([H])([H])C2(C([H])([H])C1([H])[H])C([H])([H])C([H])([H])C([H])([H])C([H])([H])C2([H])[H])C([H])([H])C([H])([H])C(=O)[O-],450.54,116.53,1,6,7,2.72
mol_716,PubChem,9846634,-7.137,9,6,[H]c1nc(C([H])([H])[H])nc([H])c1[C@@]([H])(C([H])([H])C(=O)[O-])C([H])([H])C1([H])C([H])([H])C([H])([H])N(C(=O)C([H])([H])C([H])([H])c2nc3c(c([H])c2[H])C([H])([H])C([H])([H])C([H])([H])N3[H])C([H])([H])C1([H])[H],450.56,111.14,1,7,9,2.02
mol_213,PubChem,68536395,-7.531,9,0,[H]C(=C(C(=O)[O-])C([H])(C([H])([H])[H])C([H])([H])[H])c1c([H])c([H])c(Oc2c(-c3c([H])c([H])c([H])c([H])c3[H])c(C([H])([H])[H])c([H])c3c([H])c(OC([H])([H])[H])c([H])c([H])c23)c([H])c1[H],451.54,58.59,0,4,11,6.41
mol_139,PubChem,59994074,-7.416,9,6,[H]c1c([H])c(C([H])([H])n2c3c([H])c([H])c([H])c([H])c3c3c([H])c(-c4nn[n-]n4)c([H])c([H])c32)c([H])c([H])c1C(=O)N([H])C([H])([H])C([H])([H])C([H])([H])C(=O)[O-],452.47,126.93,1,6,8,1.91
mol_3093,PubChem,44401816,-7.249,9,17,[H]c1c([H])c([H])c(-c2nn3c(C([H])([H])C([H])([H])C([H])([H])C(=O)[O-])nc4c(=O)n(C([H])([H])c5c([H])c([H])c([H])c([H])c5[H])nc(C([H])([H])[H])c4c3c2[H])c([H])c1[H],452.49,105.21,0,6,8,2.54
mol_131,PubChem,21581287,-7.961,9,6,[H]O[C@]1([H])[C@@]([H])(N([H])C([H])([H])[H])C([H])([H])[C@@]2([H])O[C@]1(C([H])([H])[H])n1c3c([H])c([H])c([H])c([H])c3c3c4c(c5c6c([H])c([H])c([H])c([H])c6n2c5c31)C(=O)N([H])C4([H])[H],452.51,80.45,3,4,4,3.7
mol_865,PubChem,5230524,-7.968,9,0,[H]O[C@]1([H])[C@@]([H])(N([H])C([H])([H])[H])C([H])([H])[C@@]2([H])O[C@]1(C([H])([H])[H])n1c3c([H])c([H])c([H])c([H])c3c3c4c(c5c6c([H])c([H])c([H])c([H])c6n2c5c31)C(=O)N([H])C4([H])[H],452.51,80.45,3,4,4,3.7
mol_1997,PubChem,91669270,-7.6,9,0,[H]c1c([H])c([H])c2c(c1[H])c1c3c(c4c5c([H])c([H])c([H])c([H])c5n5c4c1n2[C@]1([H])O[C@@]5([H])C([H])([H])[C@@]([H])(N([H])C([H])([H])[H])[C@]1([H])OC([H])([H])[H])C(=O)N([H])C3([H])[H],452.51,69.45,2,4,4,4.18
mol_2165,PubChem,10049569,-7.269,9,0,[H]c1c(C([H])([H])C([H])([H])C(=O)N2C([H])([H])C([H])([H])C([H])(C([H])([H])[C@]([H])(c3c([H])c([H])c([H])c(F)c3[H])C([H])([H])C(=O)[O-])C([H])([H])C2([H])[H])nc2c(c1[H])C([H])([H])C([H])([H])C([H])([H])N2[H],452.55,85.36,1,5,8,3.06
mol_4869,PubChem,24280129,-7.273,9,11,[H]c1c([H])c([H])c2c(c1[H])c(C([H])([H])[C@@]([H])(C(=O)[O-])N([H])C(=O)C([H])([H])c1c(C([H])([H])[H])c3c([H])c(Cl)c([O-])c([H])c3oc1=O)c([H])n2[H],452.85,138.29,2,6,7,1.33
mol_884,PubChem,56777305,-8.081,9,0,[H]C(=O)n1c([H])c(C([H])([H])[C@]([H])(C(=O)[O-])N([H])C(=O)OC([H])([H])C2([H])c3c([H])c([H])c([H])c([H])c3-c3c([H])c([H])c([H])c([H])c32)c2c([H])c([H])c([H])c([H])c21,453.47,100.46,1,5,6,2.88
mol_352,PubChem,10671376,-7.934,9,11,[H]O[C@]1([H])C([H])([H])[C@]2([H])O[C@@](C([H])([H])[H])(n3c4c([H])c([H])c([H])c([H])c4c4c5c(c6c7c([H])c([H])c([H])c([H])c7n2c6c43)C(=O)N([H])C5([H])[H])[C@]1([H])OC([H])([H])[H],453.5,77.65,2,4,4,4.13
mol_556,PubChem,44352142,-7.614,9,0,[H]c1c([H])c(C([H])([H])N([H])C(=O)c2c([H])c([H])c(C([H])([H])C([H])([H])C([H])([H])C(=O)[O-])c([H])c2[H])c([H])c([H])c1OC([H])([H])c1nc2c([H])c([H])c([H])c([H])c2c([H])c1[H],453.52,91.35,1,5,10,3.82
mol_483,PubChem,44352118,-7.241,9,0,[H]c1c([H])c(OC([H])([H])c2nc3c([H])c([H])c([H])c([H])c3c([H])c2[H])c([H])c(C([H])([H])C(=O)N([H])c2c([H])c([H])c(C([H])([H])C([H])([H])C([H])([H])C(=O)[O-])c([H])c2[H])c1[H],453.52,91.35,1,5,10,4.07
mol_1484,PubChem,44352151,-7.298,9,0,[H]c1c([H])c(C([H])([H])C(=O)N([H])c2c([H])c([H])c(C([H])([H])C([H])([H])C([H])([H])C(=O)[O-])c([H])c2[H])c([H])c([H])c1OC([H])([H])c1nc2c([H])c([H])c([H])c([H])c2c([H])c1[H],453.52,91.35,1,5,10,4.07
mol_648,PubChem,163197946,-7.558,9,11,[H]c1c([H])c([H])c2c(c1[H])-c1c([H])c([H])c([H])c([H])c1C2([H])C([H])([H])OC(=O)N([H])[C@@]([H])(C([H])([H])C(=O)[O-])C([H])([H])c1c([H])c(F)c(F)c(F)c1[H],454.42,78.46,1,4,7,3.69
mol_3980,PubChem,44424586,-7.207,9,22,[H]c1c([H])c(C([H])([H])[C@@]([H])(C(=O)[O-])C([H])([H])C([H])([H])[H])c([H])c(C([H])([H])N([H])C(=O)c2c([H])c([H])c(C(F)(F)F)c([H])c2F)c1OC([H])([H])C([H])([H])C([H])([H])[H],454.44,78.46,1,4,12,3.88
mol_85,PubChem,1767552,-7.818,9,0,[H]c1c([H])c([H])c2c(c1[H])c(C([H])([H])[C@]([H])(C(=O)[O-])N([H])C(=O)C([H])([H])Oc1c([H])c([H])c3c(oc(=O)c4c([H])c([H])c([H])c([H])c43)c1[H])c([H])n2[H],455.45,124.46,2,6,7,2.28
mol_2689,PubChem,68297478,-7.451,9,6,[H]c1c([H])c([H])c(-c2c([H])c3c([O-])c(C(=O)N([H])[C@]([H])(C([H])([H])[H])C([H])([H])C(=O)[O-])nc([H])c3n(C([H])([H])c3c([H])c([H])c([H])c([H])c3[H])c2=O)c([H])c1[H],455.47,127.18,1,6,8,1.44
mol_889,PubChem,46737440,-7.928,9,0,[H]c1c([H])c([H])c2c(c1[H])-c1c([H])c([H])c([H])c([H])c1C2([H])C([H])([H])OC(=O)N([H])[C@]([H])(C(=O)[O-])C([H])([H])c1c([H])n([H])c2c([H])c([H])c([H])c(OC([H])([H])[H])c12,455.49,103.48,2,5,8,3.38
mol_398,PubChem,94021298,-7.764,9,11,[H]c1c([H])c([H])c2c(c1[H])-c1c([H])c([H])c([H])c([H])c1C2([H])C([H])([H])OC(=O)N([H])[C@]([H])(C(=O)[O-])C([H])([H])c1c([H])n([H])c2c(OC([H])([H])[H])c([H])c([H])c([H])c12,455.49,103.48,2,5,8,3.38
mol_756,PubChem,56773402,-7.897,9,6,[H]c1c([H])c([H])c2c(c1[H])-c1c([H])c([H])c([H])c([H])c1C2([H])C([H])([H])OC(=O)N([H])[C@]([H])(C(=O)[O-])C([H])([H])c1c([H])n([H])c2c([H])c([H])c([H])c(OC([H])([H])[H])c12,455.49,103.48,2,5,8,3.38
mol_754,PubChem,22309444,-7.779,9,0,[H]c1c([H])c([H])c2c(c1[H])-c1c([H])c([H])c([H])c([H])c1C2([H])C([H])([H])OC(=O)N([H])[C@]([H])(C(=O)[O-])C([H])([H])c1c([H])n([H])c2c(OC([H])([H])[H])c([H])c([H])c([H])c12,455.49,103.48,2,5,8,3.38
mol_1727,PubChem,3994611,-7.053,9,6,[H]c1c([H])c([H])c(-n2c(=O)c(N([H])C(=O)C([H])([H])OC(=O)[C@@]([H])(c3c([H])c([H])c(Cl)c([H])c3[H])C([H])(C([H])([H])[H])C([H])([H])[H])c(C([H])([H])[H])n2C([H])([H])[H])c([H])c1[H],455.94,82.33,1,4,11,4.06
mol_855,PubChem,59370334,-7.118,9,22,[H]c1nc(Cl)c([H])c(C([H])([H])[H])c1-c1c([H])c(C(=O)N(c2c([H])c([H])c([H])c([H])c2C([H])([H])C([H])([H])C([H])([H])C(=O)[O-])C([H])([H])[H])c([H])c([H])c1Cl,456.35,73.33,0,4,9,4.71
mol_234,PubChem,4917795,-7.561,9,28,[H]c1c([H])c([C@@]2([H])c3c([n-]c(=O)n([H])c3=O)N([H])c3c([H])c([H])c4c([H])c([H])c([H])c([H])c4c32)c([H])c(OC([H])([H])[H])c1OC(=O)C([H])([H])C([H])([H])C([H])([H])[H],456.48,111.59,2,6,7,3.8
mol_782,PubChem,1738036,-7.009,9,6,[H]c1c([H])c([H])c(C(=O)c2c(-c3c([H])c([H])c([H])c([H])c3[H])oc(-c3c([H])c([H])c([H])c([H])c3[H])c(C(=O)c3c([H])c([H])c([H])c([H])c3[H])c2=O)c([H])c1[H],456.5,64.35,0,4,6,6.44
mol_611,PubChem,3069196,-7.145,9,0,[H]c1c([H])c([H])c2c(c1[H])Sc1c([H])c([H])c([H])c([H])c1N2C(=O)C([H])([H])N([H])[N-]C(=O)[C@]([H])(N([H])[H])C([H])([H])c1c([H])n([H])c2c([H])c([H])c([H])c([H])c12,456.55,105.32,3,5,7,4.27
mol_1029,PubChem,3600681,-7.667,8,19,[H]c1c([H])c([H])c2c(oc3c([H])c(N([H])C(=O)N([H])[C@@]([H])(C(=O)OC([H])([H])[H])C([H])([H])c4c([H])n([H])c5c([H])c([H])c([H])c([H])c45)c(OC([H])([H])[H])c([H])c32)c1[H],457.49,105.59,3,5,8,4.98
mol_2953,PubChem,9955805,-7.43,9,6,[H]c1nc([C@]([H])(C([H])([H])[H])C([H])([H])C(=O)[O-])c([H])c([H])c1N([H])C(=O)C([H])([H])c1c([H])c(C([H])([H])[H])c2nc(N([H])c3c([H])c([H])c([H])c([H])c3C([H])([H])[H])oc2c1[H],457.51,120.18,2,7,11,4.01
mol_2352,PubChem,136023312,-7.217,9,11,[H]C#CC([H])([H])N(c1c([H])c([H])c(C(=O)N([H])[C@]([H])(C(=O)[O-])C(C([H])([H])[H])(C([H])([H])[H])C([H])([H])[H])c([H])c1[H])C([H])([H])c1c([H])c([H])c2nc(C([H])([H])[H])[n-]c(=O)c2c1[H],458.52,116.53,1,6,8,1.39
mol_1369,PubChem,12007812,-7.377,9,0,[H]c1c([H])c([H])c(C([H])([H])OC(=O)N([H])[C@]([H])(C(=O)Oc2c([H])c([H])c([N+](=O)[O-])c([H])c2[H])C([H])([H])c2c([H])n([H])c3c([H])c([H])c([H])c([H])c23)c([H])c1[H],459.46,123.56,2,6,8,4.52
mol_33,PubChem,1798864,-7.567,9,6,[H]c1c(OC([H])([H])C(=O)N([H])[C@@]([H])(C(=O)[O-])C([H])([H])c2c([H])n([H])c3c([H])c([H])c([H])c([H])c23)c([H])c2oc(=O)c3c(c2c1[H])C([H])([H])C([H])([H])C([H])([H])C3([H])[H],459.48,124.46,2,6,7,2.01
mol_188,PubChem,1748544,-7.596,9,11,[H]c1c(OC([H])([H])C(=O)N([H])[C@@]([H])(C(=O)[O-])C([H])([H])c2c([H])n([H])c3c([H])c([H])c([H])c([H])c23)c(C([H])([H])[H])c2oc(=O)c3c(c2c1[H])C([H])([H])C([H])([H])C3([H])[H],459.48,124.46,2,6,8,1.93
mol_1705,PubChem,4678500,-7.278,9,11,[H]C(=N[C@@]([H])(C(=O)OC([H])([H])[H])C([H])([H])c1c([H])n([H])c2c([H])c([H])c([H])c([H])c12)c1c([O-])n(-c2c([H])c(C([H])([H])[H])c([H])c(C([H])([H])[H])c2[H])c(=O)n([H])c1=O,459.48,132.37,2,6,9,1.9
mol_920,PubChem,16399120,-7.516,9,17,[H]c1c(O[C@@]([H])(C(=O)N([H])[C@]([H])(C(=O)[O-])C([H])([H])c2c([H])n([H])c3c([H])c([H])c([H])c([H])c23)C([H])([H])[H])c([H])c2oc(=O)c3c(c2c1[H])C([H])([H])C([H])([H])C3([H])[H],459.48,124.46,2,6,8,2.01
mol_3030,PubChem,67015650,-7.198,9,6,[H]c1c([H])c([H])c([C@]([H])(c2c([H])c([H])c(C(=O)N([H])C([H])([H])C([H])([H])C([H])([H])C(=O)[O-])c([H])c2[H])C([H])([H])C(=O)c2c([H])c([H])c(=O)n(C([H])([H])[H])c2[H])c(C([H])([H])[H])c1[H],459.52,108.3,1,5,12,2.36
mol_816,PubChem,56972869,-7.88,9,6,[H]c1c([H])c([H])c2c(c1[H])-c1c([H])c([H])c([H])c([H])c1C2([H])C([H])([H])OC(=O)N([H])[C@]([H])(C(=O)[O-])C([H])([H])c1c([H])n([H])c2c([H])c([H])c(Cl)c([H])c12,459.91,94.25,2,4,6,4.02
mol_3795,PubChem,94021291,-7.882,9,17,[H]c1c([H])c([H])c2c(c1[H])-c1c([H])c([H])c([H])c([H])c1C2([H])C([H])([H])OC(=O)N([H])[C@]([H])(C(=O)[O-])C([H])([H])c1c([H])n([H])c2c([H])c([H])c([H])c(Cl)c12,459.91,94.25,2,4,6,4.02
mol_1109,PubChem,22309441,-7.895,9,6,[H]c1c([H])c([H])c2c(c1[H])-c1c([H])c([H])c([H])c([H])c1C2([H])C([H])([H])OC(=O)N([H])[C@]([H])(C(=O)[O-])C([H])([H])c1c([H])n([H])c2c([H])c(Cl)c([H])c([H])c12,459.91,94.25,2,4,6,4.02
mol_366,PubChem,22309440,-7.902,9,17,[H]c1c([H])c([H])c2c(c1[H])-c1c([H])c([H])c([H])c([H])c1C2([H])C([H])([H])OC(=O)N([H])[C@]([H])(C(=O)[O-])C([H])([H])c1c([H])n([H])c2c([H])c([H])c(Cl)c([H])c12,459.91,94.25,2,4,6,4.02
mol_195,PubChem,56972868,-7.878,9,11,[H]c1c([H])c([H])c2c(c1[H])-c1c([H])c([H])c([H])c([H])c1C2([H])C([H])([H])OC(=O)N([H])[C@]([H])(C(=O)[O-])C([H])([H])c1c([H])n([H])c2c([H])c([H])c(Cl)c([H])c12,459.91,94.25,2,4,6,4.02
mol_100,PubChem,4836251,-7.566,9,11,[H]c1c(OC([H])([H])C(=O)N([H])[C@]([H])(C(=O)[O-])C([H])([H])c2c([H])n([H])c3c([H])c([H])c([O-])c([H])c23)c([H])c2oc(=O)c3c(c2c1[H])C([H])([H])C([H])([H])C3([H])[H],460.44,147.52,2,7,7,0.69
mol_379,PubChem,156582095,-8.795,9,0,[H]C1=C([H])C(C([H])([H])[H])(C([H])([H])[H])Oc2c([H])c([H])c3c4c(n([O-])c3c21)C(C([H])([H])[H])(C([H])([H])[H])[C@@]1([H])C([H])([H])[C@]23C(=O)N([H])[C@@]1(C4=O)C(=O)N2C([H])([H])C([H])([H])C3([H])[H],460.51,103.7,1,5,4,2.9
mol_2557,PubChem,101293604,-7.022,9,0,[H]OC(C([H])([H])[H])(C([H])([H])[H])[C@@]1([H])C([H])([H])C([H])([H])[C@@]2(C([H])([H])[H])[C@]1([H])C([H])([H])C([H])([H])[C@]1(C([H])([H])[H])[C@]2([H])C([H])([H])C([H])([H])[C@]2([H])[C@@]3(C([H])([H])[H])C([H])([H])C([H])([H])C([H])([H])C(C([H])([H])[H])(C([H])([H])[H])[C@]3([H])[C@]([H])(O[H])[C@]([H])(O[H])[C@]21C([H])([H])[H],460.74,60.69,3,3,12,6.19
mol_1022,PubChem,16397712,-7.152,9,17,[H]c1c(O[C@]([H])(C(=O)N([H])[C@@]([H])(C(=O)[O-])C([H])([H])c2c([H])n([H])c3c([H])c([H])c([H])c([H])c23)C([H])([H])[H])c([H])c2oc(=O)c([H])c(C([H])([H])C([H])([H])C([H])([H])[H])c2c1[H],461.49,124.46,2,6,11,2.47
mol_1292,PubChem,16399020,-7.521,9,22,[H]c1c(O[C@]([H])(C(=O)N([H])[C@]([H])(C(=O)[O-])C([H])([H])c2c([H])n([H])c3c([H])c([H])c([H])c([H])c23)C([H])([H])[H])c(C([H])([H])[H])c2oc(=O)c([H])c(C([H])([H])C([H])([H])[H])c2c1[H],461.49,124.46,2,6,11,2.39
mol_4060,PubChem,1769712,-7.326,9,6,[H]c1c(C([H])([H])[H])c([H])c2oc(=O)c([H])c(C([H])([H])C([H])([H])C([H])([H])[H])c2c1OC([H])([H])C(=O)N([H])[C@@]([H])(C(=O)[O-])C([H])([H])c1c([H])n([H])c2c([H])c([H])c([H])c([H])c12,461.49,124.46,2,6,11,2.39
mol_1789,PubChem,1748520,-7.259,9,22,[H]c1c(OC([H])([H])C(=O)N([H])[C@]([H])(C(=O)[O-])C([H])([H])c2c([H])n([H])c3c([H])c([H])c([H])c([H])c23)c(C([H])([H])[H])c2oc(=O)c([H])c(C([H])([H])C([H])([H])C([H])([H])[H])c2c1[H],461.49,124.46,2,6,11,2.39
mol_2733,PubChem,1792375,-7.252,9,6,[H]c1c(OC([H])([H])C(=O)N([H])[C@]([H])(C(=O)[O-])C([H])([H])c2c([H])n([H])c3c([H])c([H])c([H])c([H])c23)c([H])c2oc(=O)c([H])c(C([H])([H])C([H])([H])C([H])([H])C([H])([H])[H])c2c1[H],461.49,124.46,2,6,11,2.47
mol_3457,PubChem,3786837,-7.125,9,6,[H]C(=N[C@]([H])(C(=O)OC([H])([H])[H])C([H])([H])c1c([H])n([H])c2c([H])c([H])c([H])c([H])c12)c1c([O-])n(C([H])([H])c2c([H])c([H])c([H])c([H])c2[H])c(=S)n([H])c1=O,461.52,115.3,2,6,8,2.71
mol_1537,PubChem,3729858,-7.341,9,11,[H]C(=N[C@]([H])(C(=O)OC([H])([H])[H])C([H])([H])c1c([H])n([H])c2c([H])c([H])c([H])c([H])c12)c1c([O-])n(-c2c([H])c([H])c([H])c(C([H])([H])[H])c2[H])c(=S)n([H])c1=O,461.52,115.3,2,6,8,2.96
mol_4861,PubChem,16401364,-7.21,9,0,[H]c1c([H])c([H])c(C([H])([H])[C@@]([H])(C(=O)N2C([H])([H])C([H])([H])C([H])(C(=O)N([H])[C@]([H])(C(=O)[O-])C([H])([H])c3c([H])n([H])c4c([H])c([H])c([H])c([H])c34)C([H])([H])C2([H])[H])N([H])[H])c([H])c1[H],461.54,131.35,3,5,9,0.75
mol_1974,PubChem,139591208,-7.598,9,0,[H]C1=C([H])C(C([H])([H])[H])(C([H])([H])[H])Oc2c([H])c([H])c3c4c(n([H])c3c21)C(C([H])([H])[H])(C([H])([H])[H])[C@]1([H])C([H])([H])[C@]23C(=O)N([H])[C@]1(C(=O)N2C([H])([H])C([H])([H])C3([H])[H])[C@]4([H])OC([H])([H])[H],461.56,83.66,2,4,6,3.58
mol_593,PubChem,25180710,-7.598,9,0,[H]C1=C([H])C(C([H])([H])[H])(C([H])([H])[H])Oc2c([H])c([H])c3c4c(n([H])c3c21)C(C([H])([H])[H])(C([H])([H])[H])[C@]1([H])C([H])([H])[C@]23C(=O)N([H])[C@]1(C(=O)N2C([H])([H])C([H])([H])C3([H])[H])[C@]4([H])OC([H])([H])[H],461.56,83.66,2,4,6,3.58
mol_743,PubChem,4833715,-7.649,9,0,[H]c1c(C([H])([H])[H])c([H])c2oc(=O)c(C([H])([H])[H])c(C([H])([H])[H])c2c1OC([H])([H])C(=O)N([H])[C@]([H])(C(=O)[O-])C([H])([H])c1c([H])n([H])c2c([H])c([H])c([O-])c([H])c12,462.46,147.52,2,7,10,1.13
mol_3055,PubChem,1783628,-7.612,9,22,[H]c1c(OC([H])([H])[H])c(C([H])([H])[H])c2oc(=O)c(C([H])([H])C(=O)N([H])[C@]([H])(C(=O)[O-])C([H])([H])c3c([H])n([H])c4c([H])c([H])c([O-])c([H])c34)c(C([H])([H])[H])c2c1[H],462.46,147.52,2,7,10,0.99
mol_1339,PubChem,4835587,-7.506,9,0,[H]c1c(OC([H])([H])C(=O)N([H])[C@@]([H])(C(=O)[O-])C([H])([H])c2c([H])n([H])c3c([H])c([H])c([O-])c([H])c23)c(C([H])([H])[H])c2oc(=O)c(C([H])([H])[H])c(C([H])([H])[H])c2c1[H],462.46,147.52,2,7,10,1.13
mol_4779,PubChem,4834638,-7.13,9,0,[H]c1c(OC([H])([H])C(=O)N([H])[C@@]([H])(C(=O)[O-])C([H])([H])c2c([H])n([H])c3c([H])c([H])c([O-])c([H])c23)c([H])c2oc(=O)c([H])c(C([H])([H])C([H])([H])C([H])([H])[H])c2c1[H],462.46,147.52,2,7,10,1.16
mol_540,PubChem,6216568,-7.832,9,6,[H]Oc1c([H])c([H])c2c(C([H])([H])[H])c(C([H])([H])C([H])([H])C(=O)N([H])[C@]([H])(C(=O)[O-])C([H])([H])c3c([H])n([H])c4c([H])c([H])c([O-])c([H])c34)c(=O)oc2c1C([H])([H])[H],462.46,158.52,3,7,10,1.08
mol_3436,PubChem,4834372,-7.771,9,11,[H]c1c(OC([H])([H])[H])c([H])c2oc(=O)c(C([H])([H])C([H])([H])C(=O)N([H])[C@@]([H])(C(=O)[O-])C([H])([H])c3c([H])n([H])c4c([H])c([H])c([O-])c([H])c34)c(C([H])([H])[H])c2c1[H],462.46,147.52,2,7,10,1.07
mol_3838,PubChem,10718956,-7.302,9,0,[H]c1c(C#Cc2c([H])c([H])c(C([H])([H])[H])c([H])c2[H])sc(S(=O)(=O)[N-][C@]([H])(C(=O)[O-])C([H])([H])c2c([H])n([H])c3c([H])c([H])c([H])c([H])c23)c1[H],462.55,104.16,1,5,7,3.36
mol_1560,PubChem,104849,-7.064,9,17,[H]c1c([H])c(-c2c(C([H])([H])[H])c(C(=O)[N-]N3C([H])([H])C([H])([H])C([H])([H])C([H])([H])C3([H])[H])nn2-c2c([H])c([H])c(Cl)c([H])c2Cl)c([H])c([H])c1Cl,462.79,52.23,0,3,5,6.72
mol_1606,PubChem,104850,-7.107,9,6,[H]c1c([H])c(-c2c(C([H])([H])[H])c(C(=O)[N-]N3C([H])([H])C([H])([H])C([H])([H])C([H])([H])C3([H])[H])nn2-c2c([H])c([H])c(Cl)c([H])c2Cl)c([H])c([H])c1Cl,462.79,52.23,0,3,5,6.72
mol_334,PubChem,16128040,-7.849,9,6,[H]ON1C(=O)[C@]2(c3c([H])c([H])c4c(c31)C([H])=C([H])C(C([H])([H])[H])(C([H])([H])[H])O4)C(C([H])([H])[H])(C([H])([H])[H])[C@@]1([H])C([H])([H])[C@]34C(=O)N([H])[C@]1(C(=O)N3C([H])([H])C([H])([H])C4([H])[H])C2([H])[H],463.53,99.18,2,5,5,2.52
mol_191,PubChem,163184298,-7.868,9,0,[H]ON1C(=O)[C@]2(c3c([H])c([H])c4c(c31)C([H])=C([H])C(C([H])([H])[H])(C([H])([H])[H])O4)C(C([H])([H])[H])(C([H])([H])[H])[C@@]1([H])C([H])([H])[C@]34C(=O)N([H])[C@]1(C(=O)N3C([H])([H])C([H])([H])C4([H])[H])C2([H])[H],463.53,99.18,2,5,5,2.52
mol_67,PubChem,100892183,-7.907,9,0,[H]O[N+]1=C2C(C([H])([H])[H])(C([H])([H])[H])[C@@]3([H])C([H])([H])[C@]45C(=O)N([H])[C@]3(C(=O)N4C([H])([H])C([H])([H])C5([H])[H])C([H])([H])[C@]2(O[H])c2c([H])c([H])c3c(c21)C([H])=C([H])C(C([H])([H])[H])(C([H])([H])[H])O3,464.54,102.11,3,5,6,2.23
mol_162,PubChem,71737376,-7.265,9,33,[H]c1c([H])c([H])c(Oc2c([H])c([H])c3c([O-])c(C(=O)N([H])[C@@]([H])(C([H])([H])C(=O)[O-])C([H])([H])c4c([H])c([H])c([H])c([H])c4[H])nc(C#N)c3c2[H])c([H])c1[H],465.46,138.2,1,7,8,2.45
mol_899,PubChem,71737232,-7.212,9,11,[H]c1c([H])c([H])c(Oc2c([H])c([H])c3c([O-])c(C(=O)N([H])[C@@]([H])(C([H])([H])C(=O)[O-])C([H])([H])c4c([H])c([H])c([H])c([H])c4[H])nc(C#N)c3c2[H])c([H])c1[H],465.46,138.2,1,7,8,2.45
mol_4915,PubChem,71718820,-7.453,9,0,[H]O[C@@]12C(=O)N([H])[C@]([H])(C([H])([H])[C@@]3(C(C([H])=C([H])[H])(C([H])([H])[H])C([H])([H])[H])C(=O)N([H])c4c5c(c([H])c([H])c43)OC(C([H])([H])[H])(C([H])([H])[H])C([H])=C5[H])C(=O)N1C([H])([H])C([H])([H])C2([H])[H],465.55,107.97,3,5,9,2.47
mol_2807,PubChem,25180896,-7.015,9,0,[H]O[C@@]12c3c([H])c([H])c4c(c3N([H])[C@]1(C(C([H])=C([H])[H])(C([H])([H])[H])C([H])([H])[H])N1C(=O)[C@]3([H])N(C(=O)[C@@]1(O[H])C2([H])[H])C([H])([H])C([H])([H])C3([H])[H])C([H])=C([H])C(C([H])([H])[H])(C([H])([H])[H])O4,465.55,102.34,3,6,8,2.32
mol_2842,PubChem,71665369,-7.487,9,0,[H]O[C@@]12C(=O)N([H])[C@]([H])(C([H])([H])[C@@]3(C(C([H])=C([H])[H])(C([H])([H])[H])C([H])([H])[H])C(=O)N([H])c4c5c(c([H])c([H])c43)OC(C([H])([H])[H])(C([H])([H])[H])C([H])=C5[H])C(=O)N1C([H])([H])C([H])([H])C2([H])[H],465.55,107.97,3,5,9,2.47
mol_1374,PubChem,5183348,-7.017,9,0,[H]C(=N[C@]([H])(C(=O)OC([H])([H])[H])C([H])([H])c1c([H])n([H])c2c([H])c([H])c([H])c([H])c12)c1c([O-])n(-c2c([H])c([H])c([H])c([H])c2Cl)c(=O)n([H])c1=O,465.87,132.37,2,6,7,1.94
mol_3796,PubChem,3696758,-7.287,9,11,[H]C(=N[C@]([H])(C(=O)OC([H])([H])[H])C([H])([H])c1c([H])n([H])c2c([H])c([H])c([H])c([H])c12)c1c([O-])n(-c2c([H])c([H])c([H])c(Cl)c2[H])c(=O)n([H])c1=O,465.87,132.37,2,6,7,1.94
mol_117,PubChem,3608937,-8.105,9,17,[H]C(=N[C@]([H])(C(=O)[O-])C([H])([H])c1c([H])n([H])c2c([H])c([H])c([H])c([H])c12)c1c([O-])n(-c2c([H])c([H])c([H])c3c([H])c([H])c([H])c([H])c23)c(=O)n([H])c1=O,466.45,146.2,2,6,6,1.01
mol_1021,PubChem,57669558,-7.133,9,6,[H]c1c([H])c(-c2c([H])c([H])c(-c3noc(-c4c([H])c([H])c(-c5nn[n-]n5)c([H])c4[H])n3)c([H])c2[H])c([H])c([H])c1OC([H])([H])C([H])([H])C([H])([H])C(=O)[O-],466.46,141.05,0,9,9,2.79
mol_241,PubChem,5311103,-7.931,9,0,[H]c1c([H])c([H])c2c(c1[H])c1c3c(c4c5c([H])c([H])c([H])c([H])c5n5c4c1n2[C@]1(C([H])([H])[H])O[C@@]5([H])C([H])([H])[C@@]([H])(N([H])C([H])([H])[H])[C@@]1([H])OC([H])([H])[H])C(=O)N([H])C3([H])[H],466.54,69.45,2,4,5,4.35
mol_1318,PubChem,172990600,-7.951,9,0,[H]c1c([H])c([H])c2c(c1[H])c1c3c(c4c5c([H])c([H])c([H])c([H])c5n5c4c1n2[C@]1(C([H])([H])[H])O[C@@]5([H])C([H])([H])[C@@]([H])(N([H])C([H])([H])[H])[C@@]1([H])OC([H])([H])[H])C(=O)N([H])C3([H])[H],466.54,69.45,2,4,5,4.35
mol_745,PubChem,5279,-7.932,9,0,[H]c1c([H])c([H])c2c(c1[H])c1c3c(c4c5c([H])c([H])c([H])c([H])c5n5c4c1n2[C@]1(C([H])([H])[H])O[C@@]5([H])C([H])([H])[C@@]([H])(N([H])C([H])([H])[H])[C@@]1([H])OC([H])([H])[H])C(=O)N([H])C3([H])[H],466.54,69.45,2,4,5,4.35
mol_174,PubChem,44299148,-7.944,9,0,[H]c1c([H])c([H])c2c(c1[H])c1c3c(c4c5c([H])c([H])c([H])c([H])c5n5c4c1n2[C@]1(C([H])([H])[H])O[C@@]5([H])C([H])([H])[C@@]([H])(N([H])C([H])([H])[H])[C@@]1([H])OC([H])([H])[H])C(=O)N([H])C3([H])[H],466.54,69.45,2,4,5,4.35
mol_219,PubChem,76962610,-7.943,9,0,[H]c1c([H])c([H])c2c(c1[H])c1c3c(c4c5c([H])c([H])c([H])c([H])c5n5c4c1n2[C@]1(C([H])([H])[H])O[C@@]5([H])C([H])([H])[C@@]([H])(N([H])C([H])([H])[H])[C@@]1([H])OC([H])([H])[H])C(=O)N([H])C3([H])[H],466.54,69.45,2,4,5,4.35
mol_1344,PubChem,451705,-7.944,9,0,[H]c1c([H])c([H])c2c(c1[H])c1c3c(c4c5c([H])c([H])c([H])c([H])c5n5c4c1n2[C@]1(C([H])([H])[H])O[C@@]5([H])C([H])([H])[C@@]([H])(N([H])C([H])([H])[H])[C@@]1([H])OC([H])([H])[H])C(=O)N([H])C3([H])[H],466.54,69.45,2,4,5,4.35
mol_170,PubChem,44259,-7.943,9,0,[H]c1c([H])c([H])c2c(c1[H])c1c3c(c4c5c([H])c([H])c([H])c([H])c5n5c4c1n2[C@]1(C([H])([H])[H])O[C@@]5([H])C([H])([H])[C@@]([H])(N([H])C([H])([H])[H])[C@@]1([H])OC([H])([H])[H])C(=O)N([H])C3([H])[H],466.54,69.45,2,4,5,4.35
mol_3023,PubChem,139584671,-7.435,9,11,[H]O[C@@]1([H])C(C([H])([H])[H])(C([H])([H])[H])Oc2c([H])c([H])c3c(C([H])([H])[C@@]4([H])C(=O)N5C([H])([H])C([H])([H])C([H])([H])[C@]5([H])C(=O)N4[H])c(C(C([H])=C([H])[H])(C([H])([H])[H])C([H])([H])[H])n([H])c3c2[C@@]1([H])O[H],467.57,114.89,4,5,10,2.23
mol_1733,PubChem,139584398,-7.434,9,11,[H]O[C@@]1([H])C(C([H])([H])[H])(C([H])([H])[H])Oc2c([H])c([H])c3c(C([H])([H])[C@@]4([H])C(=O)N5C([H])([H])C([H])([H])C([H])([H])[C@]5([H])C(=O)N4[H])c(C(C([H])=C([H])[H])(C([H])([H])[H])C([H])([H])[H])n([H])c3c2[C@@]1([H])O[H],467.57,114.89,4,5,10,2.23
mol_487,PubChem,138108753,-7.447,9,11,[H]c1c([H])c([H])c2c(c1[H])-c1c([H])c([H])c([H])c([H])c1C2([H])C([H])([H])OC(=O)N([H])[C@@]([H])(C(=O)[O-])C([H])([H])C([H])([H])c1c([H])c([H])c([H])c([H])c1C(F)(F)F,468.45,78.46,1,4,7,4.3
mol_4810,PubChem,11590899,-7.131,9,17,[H]c1c([H])c([H])c(-c2c([H])c([H])c(-c3nc4c([H])c([H])c(F)c([H])c4c(N([H])C([H])([H])C([H])([H])C([H])([H])C(=O)[O-])c3C#N)c([H])c2[H])c(OC([H])([H])C([H])([H])[H])c1[H],468.51,98.07,1,6,10,4.92
mol_614,PubChem,67675241,-7.675,9,11,[H]c1c([H])c([H])c(C(=O)N(C([H])([H])[H])[C@]([H])(C(=O)N([H])[C@]([H])(C(=O)[O-])C([H])([H])c2c([H])n([H])c3c([H])c([H])c([H])c([H])c23)C([H])([H])c2c([H])c([H])c([H])c([H])c2[H])c([H])c1[H],468.53,105.33,2,4,10,2.33
mol_1378,PubChem,16040259,-7.626,9,6,[H]C1=NC(=O)c2c1c1c3c([H])c([H])c([H])c([H])c3n3c1c1c2c2c(n1[C@@]1([H])O[C@]3(C([H])([H])[H])[C@]([H])(OC([H])([H])[H])[C@]([H])(N([H])C([H])([H])[H])C1([H])[H])C([H])([H])C([H])([H])C([H])([H])C2([H])[H],468.56,69.78,1,4,5,4.41
mol_3865,PubChem,7009783,-7.272,9,11,[H]c1c([H])c([H])c2c(c1[H])-c1c([H])c([H])c([H])c([H])c1C2([H])C([H])([H])OC(=O)N([H])[C@]([H])(C([H])([H])C(=O)[O-])C([H])([H])c1c([H])c([H])c(Cl)c([H])c1Cl,469.34,78.46,1,4,7,4.58
mol_2366,PubChem,156757826,-7.473,9,0,[H]c1c([H])c([H])c2c(c1[H])-c1c([H])c([H])c([H])c([H])c1C2([H])C([H])([H])OC(=O)N([H])[C@]([H])(C(=O)[O-])C([H])([H])C([H])([H])c1c([H])c([H])c(Cl)c([H])c1Cl,469.34,78.46,1,4,7,4.58
mol_678,PubChem,156757830,-7.426,9,44,[H]c1c([H])c(Cl)c(C([H])([H])C([H])([H])[C@]([H])(C(=O)[O-])N([H])C(=O)OC([H])([H])C2([H])c3c([H])c([H])c([H])c([H])c3-c3c([H])c([H])c([H])c([H])c32)c(Cl)c1[H],469.34,78.46,1,4,7,4.58
mol_1829,PubChem,138108431,-7.416,9,0,[H]c1c([H])c([H])c2c(c1[H])-c1c([H])c([H])c([H])c([H])c1C2([H])C([H])([H])OC(=O)N([H])[C@]([H])(C(=O)[O-])C([H])([H])C([H])([H])c1c([H])c([H])c(Cl)c(Cl)c1[H],469.34,78.46,1,4,7,4.58
mol_2145,PubChem,156757824,-7.328,9,17,[H]c1c([H])c([H])c2c(c1[H])-c1c([H])c([H])c([H])c([H])c1C2([H])C([H])([H])OC(=O)N([H])[C@@]([H])(C(=O)[O-])C([H])([H])C([H])([H])c1c([H])c([H])c([H])c(Cl)c1Cl,469.34,78.46,1,4,7,4.58
mol_1237,PubChem,86655494,-7.492,9,22,[H]C(C(=O)N([H])[C@@]([H])(C(=O)[O-])C([H])([H])c1c([H])n([H])c2c([H])c([H])c([H])c([H])c12)=C([H])c1c([H])c(C(F)(F)F)c([H])c(C(F)(F)F)c1[H],469.36,85.02,2,3,6,3.7
mol_86,PubChem,1768585,-7.961,9,22,[H]c1c([H])c([H])c2c(c1[H])c(C([H])([H])[C@@]([H])(C(=O)[O-])N([H])C(=O)C([H])([H])Oc1c([H])c([H])c3c(oc(=O)c4c([H])c([H])c([H])c([H])c43)c1C([H])([H])[H])c([H])n2[H],469.47,124.46,2,6,8,2.59
mol_602,PubChem,9825912,-8.129,9,11,[H]O[C@@]1([H])[C@]([H])(OC([H])([H])[H])[C@]2(C([H])([H])[H])O[C@@]([H])(n3c4c([H])c([H])c([H])c([H])c4c4c5c(c6c7c([H])c([H])c([H])c([H])c7n2c6c43)C([H])([H])N([H])C5=O)[C@]1([H])O[H],469.5,97.88,3,5,5,3.1
mol_1027,PubChem,135862989,-7.168,9,50,[H]ON([H])C(c1onc(-c2c([H])c([H])c(N([H])c3nc4c([H])c([H])c(F)c([H])c4s3)c([H])c2[H])c1[H])=[N+]([H])[C@]([H])(C(=O)[O-])C([H])(C([H])([H])[H])C([H])([H])[H],469.5,137.31,4,8,10,1.41
mol_3273,PubChem,68297382,-7.005,9,0,[H]c1c([H])c([H])c(-c2c([H])c3c([O-])c(C(=O)N([H])C([H])([H])C([H])([H])C([H])([H])C(=O)[O-])nc([H])c3n([C@@]([H])(c3c([H])c([H])c([H])c([H])c3[H])C([H])([H])[H])c2=O)c([H])c1[H],469.5,127.18,1,6,9,2.01
mol_610,PubChem,46737439,-7.464,9,0,[H]c1c([H])c([H])c2c(c1[H])-c1c([H])c([H])c([H])c([H])c1C2([H])C([H])([H])OC(=O)N([H])[C@@]([H])(C(=O)[O-])C([H])([H])c1c(C([H])([H])[H])n([H])c2c([H])c([H])c(OC([H])([H])[H])c([H])c12,469.52,103.48,2,5,9,3.68
mol_1362,PubChem,67779348,-7.442,9,0,[H]c1nc([H])c([H])c(C(=O)N(C([H])([H])[H])[C@]([H])(C(=O)N([H])[C@]([H])(C(=O)[O-])C([H])([H])c2c([H])n([H])c3c([H])c([H])c([H])c([H])c23)C([H])([H])c2c([H])c([H])c([H])c([H])c2[H])c1[H],469.52,118.22,2,5,10,1.72
mol_4730,PubChem,491048,-7.091,9,6,[H]c1oc([H])c(-c2nc3c([H])c(C(=O)N([H])[C@]([H])(C(=O)[O-])C([H])([H])c4c([H])n([H])c5c([H])c([H])c([O-])c([H])c45)c([H])c([H])c3n2C([H])(C([H])([H])[H])C([H])([H])[H])c1[H],470.48,139.04,2,6,9,2.52
mol_2344,PubChem,4887438,-7.146,9,11,[H]c1c([H])c(-n2c([H])c(OC(=O)C([H])([H])C([H])([H])C([H])([H])[H])c3c2nc(C([H])([H])C([H])([H])C([H])([H])[H])n2c3nc3c([H])c([H])c([H])c([H])c32)c([H])c2c1OC([H])([H])C([H])([H])O2,470.53,79.88,0,6,8,5.26
mol_1342,PubChem,4898805,-7.04,9,6,[H]c1c([H])c(C([H])([H])n2c([H])c(OC(=O)C([H])([H])C([H])([H])C([H])([H])[H])c3c2nc(C([H])([H])C([H])([H])C([H])([H])[H])n2c3nc3c([H])c([H])c([H])c([H])c32)c([H])c2c1OC([H])([H])O2,470.53,79.88,0,6,9,5.27
mol_118,PubChem,23003911,-7.285,9,22,[H]c1c([H])c([H])c(C([H])([H])[H])c(N([H])C(=O)N([H])c2c([H])c([H])c(C([H])([H])C(=O)N3c4c([H])c([H])c([C@]([H])(C([H])([H])[H])C([H])([H])C(=O)[O-])c([H])c4C([H])([H])C3([H])[H])c([H])c2[H])c1[H],470.55,101.57,2,4,9,4.01
mol_624,PubChem,4369398,-7.65,9,0,[H]c1c([H])c([H])c2c(c1[H])c1c3c(c4c5c(n6c4c1n2[C@]1(C([H])([H])[H])O[C@@]6([H])C([H])([H])[C@@]([H])(N([H])C([H])([H])[H])[C@]1([H])OC([H])([H])[H])C([H])([H])C([H])([H])C([H])([H])C5([H])[H])C(=O)N([H])C3([H])[H],470.57,69.45,2,4,5,4.08
mol_459,PubChem,16403619,-7.84,9,33,[H]C(=C1Oc2c([H])c(OC([H])([H])C(=O)N([H])[C@]([H])(C(=O)[O-])C([H])([H])c3c([H])n([H])c4c([H])c([H])c([H])c([H])c34)c([H])c([H])c2C1=O)c1oc([H])c([H])c1[H],471.44,133.69,2,7,8,2.23
mol_254,PubChem,16406752,-8.013,9,11,[H]c1oc2c(c1C([H])([H])[H])c(C([H])([H])[H])c([H])c1oc(=O)c(C([H])([H])C(=O)N([H])[C@]([H])(C(=O)[O-])C([H])([H])c3c([H])n([H])c4c([H])c([H])c([H])c([H])c34)c(C([H])([H])[H])c12,471.49,128.37,2,6,9,2.97
mol_2445,PubChem,1760416,-7.565,9,0,[H]c1oc2c([H])c3oc(=O)c(C([H])([H])C([H])([H])C(=O)N([H])[C@@]([H])(C(=O)[O-])C([H])([H])c4c([H])n([H])c5c([H])c([H])c([H])c([H])c45)c(C([H])([H])[H])c3c([H])c2c1C([H])([H])[H],471.49,128.37,2,6,9,3.05
mol_376,PubChem,1806066,-7.74,9,11,[H]c1oc2c(C([H])([H])[H])c3oc(=O)c(C([H])([H])C(=O)N([H])[C@@]([H])(C(=O)[O-])C([H])([H])c4c([H])n([H])c5c([H])c([H])c([H])c([H])c45)c(C([H])([H])[H])c3c([H])c2c1C([H])([H])[H],471.49,128.37,2,6,9,2.97
mol_2493,PubChem,343373,-7.308,9,0,[H]c1c([H])c([H])c(C([H])([H])OC(=O)N([H])c2c([H])c([H])c([H])c([H])c2C(=O)N([H])[C@@]([H])(C(=O)OC([H])([H])[H])C([H])([H])c2c([H])n([H])c3c([H])c([H])c([H])c([H])c23)c([H])c1[H],471.51,109.52,3,5,9,4.43
mol_2974,PubChem,3738429,-7.042,9,6,[H]c1c([H])c(S(=O)(=O)N2C([H])([H])C([H])([H])OC([H])([H])C2([H])[H])c([H])c([N+](=O)[O-])c1N([H])[C@]([H])(C(=O)[O-])C([H])([H])c1c([H])n([H])c2c([H])c([H])c([H])c([H])c12,473.49,157.7,2,8,8,0.87
mol_628,PubChem,16401400,-8.101,9,22,[H]c1c(C([H])([H])[H])c([H])c2oc(=O)c3c(c2c1O[C@@]([H])(C(=O)N([H])[C@]([H])(C(=O)[O-])C([H])([H])c1c([H])n([H])c2c([H])c([H])c([H])c([H])c12)C([H])([H])[H])C([H])([H])C([H])([H])C3([H])[H],473.5,124.46,2,6,9,2.32
mol_173,PubChem,1762784,-7.703,9,28,[H]c1c(OC([H])([H])C(=O)N([H])[C@]([H])(C(=O)[O-])C([H])([H])c2c([H])n([H])c3c([H])c([H])c([H])c([H])c23)c(C([H])([H])[H])c2oc(=O)c3c(c2c1[H])C([H])([H])C([H])([H])C([H])([H])C3([H])[H],473.5,124.46,2,6,8,2.32
mol_510,PubChem,1792394,-8.071,9,33,[H]c1c(C([H])([H])[H])c([H])c2oc(=O)c3c(c2c1OC([H])([H])C(=O)N([H])[C@]([H])(C(=O)[O-])C([H])([H])c1c([H])n([H])c2c([H])c([H])c([H])c([H])c12)C([H])([H])C([H])([H])C([H])([H])C3([H])[H],473.5,124.46,2,6,8,2.32
mol_47,PubChem,16397217,-7.543,9,0,[H]c1c(O[C@@]([H])(C(=O)N([H])[C@]([H])(C(=O)[O-])C([H])([H])c2c([H])n([H])c3c([H])c([H])c([H])c([H])c23)C([H])([H])[H])c([H])c2oc(=O)c3c(c2c1[H])C([H])([H])C([H])([H])C([H])([H])C3([H])[H],473.5,124.46,2,6,8,2.4
mol_1269,PubChem,3806175,-7.3,9,28,[H]C(=N[C@@]([H])(C(=O)OC([H])(C([H])([H])[H])C([H])([H])[H])C([H])([H])c1c([H])n([H])c2c([H])c([H])c([H])c([H])c12)c1c([O-])n(-c2c([H])c([H])c([H])c([H])c2C([H])([H])[H])c(=O)n([H])c1=O,473.51,132.37,2,6,10,2.37
mol_831,PubChem,20767623,-7.192,9,11,[H]c1nc2c([H])c([H])c([H])c([H])c2nc1-n1c(=O)c2c(n1C([H])([H])[H])C([H])([H])C([H])([H])N(c1nc([C@]([H])(OC(=O)C([H])([H])C([H])([H])C([H])([H])[H])C([H])([H])[H])nc([H])c1[H])C2([H])[H],473.54,108.03,0,8,9,2.88
mol_2110,PubChem,44290947,-7.394,9,22,[H]c1c([H])c(C(=O)N([H])[H])c([H])c(-c2c([H])c([H])c(C(=O)N([H])[C@@]([H])(C([H])([H])[H])[C@]([H])(C(=O)OC([H])([H])[H])C([H])([H])c3c([H])c([H])c([H])c(C(N([H])[H])=[N+]([H])[H])c3[H])c([H])c2[H])c1[H],473.55,150.1,4,4,11,1.07
mol_1900,PubChem,44290965,-7.176,9,11,[H]c1c([H])c(C(N([H])[H])=[N+]([H])[H])c([H])c(C([H])([H])[C@@]([H])(C(=O)OC([H])([H])[H])[C@@]([H])(N([H])C(=O)c2c([H])c([H])c(-c3c([H])c([H])c(C(=O)N([H])[H])c([H])c3[H])c([H])c2[H])C([H])([H])[H])c1[H],473.55,150.1,4,4,11,1.07
mol_130,PubChem,4835914,-7.804,9,0,[H]c1c(O[C@]([H])(C(=O)N([H])[C@@]([H])(C(=O)[O-])C([H])([H])c2c([H])n([H])c3c([H])c([H])c([O-])c([H])c23)C([H])([H])[H])c([H])c2oc(=O)c3c(c2c1[H])C([H])([H])C([H])([H])C3([H])[H],474.47,147.52,2,7,8,1.08
mol_287,PubChem,4836751,-8.112,9,11,[H]c1c(OC([H])([H])C(=O)N([H])[C@@]([H])(C(=O)[O-])C([H])([H])c2c([H])n([H])c3c([H])c([H])c([O-])c([H])c23)c([H])c2oc(=O)c3c(c2c1[H])C([H])([H])C([H])([H])C([H])([H])C3([H])[H],474.47,147.52,2,7,7,1.08
mol_166,PubChem,4895765,-7.786,9,6,[H]c1c(OC([H])([H])C(=O)N([H])[C@@]([H])(C(=O)[O-])C([H])([H])c2c([H])n([H])c3c([H])c([H])c([O-])c([H])c23)c(C([H])([H])[H])c2oc(=O)c3c(c2c1[H])C([H])([H])C([H])([H])C3([H])[H],474.47,147.52,2,7,8,1.0
mol_451,PubChem,4834545,-8.09,9,0,[H]c1c(C([H])([H])[H])c([H])c2oc(=O)c3c(c2c1OC([H])([H])C(=O)N([H])[C@]([H])(C(=O)[O-])C([H])([H])c1c([H])n([H])c2c([H])c([H])c([O-])c([H])c12)C([H])([H])C([H])([H])C3([H])[H],474.47,147.52,2,7,8,1.0
mol_4026,PubChem,22881952,-7.022,9,11,[H]C(=O)[C@]([H])(N([H])C(=O)C([H])([H])n1c(-c2c([H])c([H])c([H])c([H])c2[H])c([H])c([H])c(N([H])C(=O)C([H])([H])C([H])([H])c2c([H])c([H])c([H])c([H])c2[H])c1=O)C([H])([H])C(=O)[O-],474.49,137.4,2,6,11,0.91
mol_2517,PubChem,52933761,-7.484,9,0,[H]c1c([H])c(-c2c([H])c(F)c(F)c([H])c2OC([H])([H])[H])c([H])c([H])c1OC([H])([H])[C@@]1([H])C([H])([H])N(C(=O)[C@@]([H])(C(=O)[O-])C(C([H])([H])[H])(C([H])([H])[H])C([H])([H])[H])C([H])([H])C([H])([H])C1([H])[H],474.52,78.9,0,5,8,3.67
mol_581,PubChem,71751281,-7.923,9,0,[H]N1C(=O)c2c(c3c4c(n5c3c3c2c2c(n3[C@@]3([H])O[C@]5(C([H])([H])[H])[C@]([H])(OC([H])([H])[H])[C@]([H])(N([H])C([H])([H])[H])C3([H])[H])C([H])([H])C([H])([H])C([H])([H])C2([H])[H])C([H])([H])C([H])([H])C([H])([H])C4([H])[H])C1([H])[H],474.6,69.45,2,4,5,3.81
mol_4120,PubChem,23644059,-7.951,9,0,[H]N1C(=O)c2c(c3c4c(n5c3c3c2c2c(n3[C@@]3([H])O[C@]5(C([H])([H])[H])[C@]([H])(OC([H])([H])[H])[C@]([H])(N([H])C([H])([H])[H])C3([H])[H])C([H])([H])C([H])([H])C([H])([H])C2([H])[H])C([H])([H])C([H])([H])C([H])([H])C4([H])[H])C1([H])[H],474.6,69.45,2,4,5,3.81
mol_871,PubChem,124518040,-7.928,9,0,[H]N1C(=O)c2c(c3c4c(n5c3c3c2c2c(n3[C@@]3([H])O[C@]5(C([H])([H])[H])[C@]([H])(OC([H])([H])[H])[C@]([H])(N([H])C([H])([H])[H])C3([H])[H])C([H])([H])C([H])([H])C([H])([H])C2([H])[H])C([H])([H])C([H])([H])C([H])([H])C4([H])[H])C1([H])[H],474.6,69.45,2,4,5,3.81
mol_489,PubChem,24890333,-7.381,9,56,[H]c1c([H])c(C([H])([H])[C@]([H])(C(=O)[O-])C([H])([H])C([H])([H])[H])c([H])c(C([H])([H])N([H])C(=O)c2c([H])c([H])c([C@]34C([H])([H])[C@@]5([H])C([H])([H])[C@]([H])(C([H])([H])[C@]([H])(C5([H])[H])C3([H])[H])C4([H])[H])c([H])c2[H])c1OC([H])([H])[H],474.62,78.46,1,4,11,4.41
mol_1762,PubChem,16399314,-7.563,9,39,[H]c1c(O[C@]([H])(C(=O)N([H])[C@]([H])(C(=O)[O-])C([H])([H])c2c([H])n([H])c3c([H])c([H])c([H])c([H])c23)C([H])([H])[H])c(C([H])([H])[H])c2oc(=O)c([H])c(C([H])([H])C([H])([H])C([H])([H])[H])c2c1[H],475.52,124.46,2,6,12,2.78
mol_2860,PubChem,1759663,-7.129,9,0,[H]c1c(OC([H])([H])C(=O)N([H])[C@@]([H])(C(=O)[O-])C([H])([H])c2c([H])n([H])c3c([H])c([H])c([H])c([H])c23)c(C([H])([H])[H])c2oc(=O)c([H])c(C([H])([H])C([H])([H])C([H])([H])C([H])([H])[H])c2c1[H],475.52,124.46,2,6,12,2.78
mol_890,PubChem,16048422,-7.169,9,11,[H]c1c([H])c([H])c(-c2c([H])c([H])c(C(=O)N([H])[C@@]([H])(C(=O)N([H])C(C([H])([H])[H])(C([H])([H])[H])C([H])([H])c3c([H])c([H])c(F)c([H])c3[H])C([H])([H])C([H])([H])C(=O)[O-])c([H])c2[H])c([H])c1[H],475.54,98.33,2,4,12,3.26
mol_4523,PubChem,4834840,-7.468,9,22,[H]c1c(OC([H])([H])C(=O)N([H])[C@]([H])(C(=O)[O-])C([H])([H])c2c([H])n([H])c3c([H])c([H])c([O-])c([H])c23)c(C([H])([H])[H])c2oc(=O)c([H])c(C([H])([H])C([H])([H])C([H])([H])[H])c2c1[H],476.48,147.52,2,7,11,1.47
mol_937,PubChem,4835711,-7.946,9,22,[H]c1c(C([H])([H])[H])c([H])c2oc(=O)c(C([H])([H])[H])c(C([H])([H])[H])c2c1O[C@@]([H])(C(=O)N([H])[C@@]([H])(C(=O)[O-])C([H])([H])c1c([H])n([H])c2c([H])c([H])c([O-])c([H])c12)C([H])([H])[H],476.48,147.52,2,7,11,1.52
mol_1286,PubChem,4835762,-7.403,9,22,[H]c1c(OC([H])([H])[H])c(C([H])([H])[H])c2oc(=O)c(C([H])([H])C([H])([H])C(=O)N([H])[C@@]([H])(C(=O)[O-])C([H])([H])c3c([H])n([H])c4c([H])c([H])c([O-])c([H])c34)c(C([H])([H])[H])c2c1[H],476.48,147.52,2,7,11,1.38
mol_3642,PubChem,4836829,-7.216,9,22,[H]c1c(C([H])([H])[H])c([H])c2oc(=O)c([H])c(C([H])([H])C([H])([H])C([H])([H])[H])c2c1OC([H])([H])C(=O)N([H])[C@]([H])(C(=O)[O-])C([H])([H])c1c([H])n([H])c2c([H])c([H])c([O-])c([H])c12,476.48,147.52,2,7,11,1.47
mol_2293,PubChem,4835129,-7.767,9,0,[H]c1c(O[C@@]([H])(C(=O)N([H])[C@@]([H])(C(=O)[O-])C([H])([H])c2c([H])n([H])c3c([H])c([H])c([O-])c([H])c23)C([H])([H])[H])c(C([H])([H])[H])c2oc(=O)c(C([H])([H])[H])c(C([H])([H])[H])c2c1[H],476.48,147.52,2,7,11,1.52
mol_4821,PubChem,16405902,-7.078,9,0,[H]c1c([H])c([H])c2c(c1[H])N([H])C(=O)C([H])([H])N2C(=O)N([H])[C@@]([H])(C(=O)N([H])[C@@]([H])(C(=O)[O-])C([H])([H])c1c([H])n([H])c2c([H])c([H])c([H])c([H])c12)C([H])(C([H])([H])[H])C([H])([H])[H],476.51,146.46,4,5,9,1.14
mol_2244,PubChem,6568543,-7.417,9,0,[H]c1c(C([H])([H])[H])c([H])c2oc(=O)c([H])c(C([H])([H])[H])c2c1OC(=O)[C@@]([H])(N([H])C(=O)OC(C([H])([H])[H])(C([H])([H])[H])C([H])([H])[H])C([H])([H])c1c([H])n([H])c2c([H])c([H])c([H])c([H])c12,476.53,110.63,2,6,7,4.93
mol_2127,PubChem,1801010,-7.405,9,6,[H]c1c(OC(=O)[C@@]([H])(N([H])C(=O)OC(C([H])([H])[H])(C([H])([H])[H])C([H])([H])[H])C([H])([H])c2c([H])n([H])c3c([H])c([H])c([H])c([H])c23)c(C([H])([H])[H])c2oc(=O)c([H])c(C([H])([H])[H])c2c1[H],476.53,110.63,2,6,7,4.93
mol_853,PubChem,25180707,-7.902,9,0,[H]C1=C([H])C(C([H])([H])[H])(C([H])([H])[H])Oc2c([H])c([H])c3c4c(n([O-])c3c21)C(C([H])([H])[H])(C([H])([H])[H])[C@@]1([H])C([H])([H])[C@]23C(=O)N([H])[C@]1(C(=O)N2C([H])([H])C([H])([H])C3([H])[H])[C@]4([H])OC([H])([H])[H],476.55,95.86,1,5,6,3.4
mol_703,PubChem,44397021,-7.805,9,17,[H]c1c([H])c(N([H])C([H])([H])c2oc3c([H])c([H])c([H])c([H])c3c2[H])c([H])c([H])c1-c1c([H])c([H])c(S(=O)(=O)[N-][C@@]([H])(C(=O)[O-])C([H])(C([H])([H])[H])C([H])([H])[H])c([H])c1[H],476.55,113.54,1,6,11,4.55
mol_2597,PubChem,135887106,-7.33,9,11,[H]c1c([H])c(N([H])C([H])([H])[C@]2([H])C([H])([H])c3c(nc(N([H])[H])n([H])c3=O)N([H])C2([H])[H])c([H])c([H])c1C(=O)N([H])[C@@]([H])(C(=O)[O-])C([H])([H])C([H])([H])P(=O)([O-])[O-],477.39,228.25,5,11,10,-2.8
mol_3365,PubChem,135887125,-7.008,9,17,[H]c1c([H])c(N([H])C([H])([H])[C@]2([H])C([H])([H])c3c(nc(N([H])[H])[n-]c3=O)N([H])C2([H])[H])c([H])c([H])c1C(=O)N([H])[C@]([H])(C(=O)[O-])C([H])([H])C([H])([H])S(=O)(=O)[O-],477.48,220.57,4,11,10,-2.54
mol_1960,PubChem,10504802,-7.727,9,0,[H]c1c([H])c([H])c2c(c1[H])C([H])([H])N(C(=O)[C@@]([H])(N([H])C(=O)C([H])([H])[C@@]1([H])ON=C(c3c([H])c([H])c(C(N([H])[H])=[N+]([H])[H])c([H])c3[H])C1([H])[H])C([H])([H])C(=O)[O-])C([H])([H])C2([H])[H],477.52,162.74,3,6,8,-1.76
mol_403,PubChem,3703001,-7.31,9,11,[H]c1c([H])c([H])c(C2=NN(C(=O)C([H])([H])C([H])([H])C(=O)[O-])[C@@]([H])(c3c(-c4c([H])c([H])c(C([H])([H])[H])c([H])c4[H])nn(-c4c([H])c([H])c([H])c([H])c4[H])c3[H])C2([H])[H])c([H])c1[H],477.54,90.62,0,5,8,4.06
mol_465,PubChem,156582094,-8.115,9,0,[H]O[C@]1([H])c2c(n([H])c3c4c(c(OC([H])([H])[H])c([H])c23)OC(C([H])([H])[H])(C([H])([H])[H])C([H])=C4[H])C(C([H])([H])[H])(C([H])([H])[H])[C@]2([H])C([H])([H])[C@]34C(=O)N([H])[C@@]21C(=O)N3C([H])([H])C([H])([H])C4([H])[H],477.56,103.89,3,5,7,2.94
mol_3092,PubChem,86618335,-7.131,9,22,[H]c1c([H])c(-c2oc3c([H])c4n(c3c2[H])C(=S)N(C([H])([H])C([H])([H])[C@@]([H])(C(=O)OC([H])([H])C([H])([H])[H])C([H])([H])C([H])([H])[H])C4=O)c([H])c(C(F)(F)F)c1[H],478.49,64.68,0,5,9,5.49
mol_1508,PubChem,21949312,-7.158,9,0,[H]c1nc(N([H])C(=O)N2C([H])([H])C([H])([H])C([H])(C([H])([H])C([H])([H])C([H])([H])C(=O)[O-])C([H])([H])C2([H])[H])c([H])c(Oc2c([H])c([H])c3c(c2[H])c([H])c([H])n3C(=O)N([H])C([H])([H])[H])c1[H],478.53,128.62,2,6,8,3.18
mol_1527,PubChem,10457840,-7.647,9,0,[H]c1c(C([H])([H])C([H])([H])C(=O)N2C([H])([H])C([H])([H])C([H])(C([H])([H])[C@]([H])(c3c([H])c([H])c4c(c3[H])OC([H])([H])O4)C([H])([H])C(=O)[O-])C([H])([H])C2([H])[H])nc2c(c1[H])C([H])([H])C([H])([H])C([H])([H])N2[H],478.57,103.82,1,7,8,2.65
mol_1424,PubChem,11363622,-7.387,9,6,[H]c1c(N([H])[H])c([H])c2c(N3C([H])([H])C([H])([H])OC([H])([H])C3([H])[H])nc(-n3c([H])c(C(=O)C([H])([H])C([H])([H])C(=O)[O-])c4c([H])c(Cl)c([H])c([H])c43)nc2c1[H],478.92,126.4,1,8,7,2.36
mol_1538,PubChem,156613988,-7.239,9,11,[H]C1=C([H])[C@]2(C([H])([H])[H])C(=C([H])C1=O)C([H])([H])C([H])([H])[C@@]1([H])[C@@]2(F)C(=O)C([H])([H])[C@]2(C([H])([H])[H])[C@@](OC(=O)C([H])(C([H])([H])[H])C([H])([H])[H])(C(=O)C([H])([H])Cl)[C@]([H])(C([H])([H])[H])C([H])([H])[C@]12[H],478.99,77.51,0,5,9,4.56
mol_2603,PubChem,156757808,-7.333,9,0,[H]c1c([H])c([H])c2c(c1[H])-c1c([H])c([H])c([H])c([H])c1C2([H])C([H])([H])OC(=O)N([H])[C@]([H])(C(=O)[O-])C([H])([H])C([H])([H])c1c([H])c([H])c([H])c(Br)c1[H],479.35,78.46,1,4,7,4.04
mol_3274,PubChem,137701507,-7.256,9,22,[H]c1c([H])c([H])c2c(c1[H])-c1c([H])c([H])c([H])c([H])c1C2([H])C([H])([H])OC(=O)N([H])[C@@]([H])(C([H])([H])C(=O)[O-])C([H])([H])c1c([H])c([H])c([H])c(Br)c1[H],479.35,78.46,1,4,7,4.04
mol_1922,PubChem,2761588,-7.064,9,6,[H]c1c([H])c([H])c(C([H])([H])[C@]([H])(N([H])C(=O)OC([H])([H])C2([H])c3c([H])c([H])c([H])c([H])c3-c3c([H])c([H])c([H])c([H])c32)C([H])([H])C(=O)[O-])c(Br)c1[H],479.35,78.46,1,4,7,4.04
mol_107,PubChem,10906957,-7.693,9,0,[H]c1c([H])c([H])c2c(c1[H])c1c3c(c4c5c([H])c([H])c([H])c([H])c5n5c4c1n2[C@]1(C([H])([H])[H])O[C@@]5([H])C([H])([H])[C@@]([H])(N([H])C([H])([H])[H])[C@@]1([H])OC([H])([H])[H])C(=O)[N-]C3=O,479.52,88.59,1,5,5,4.78
mol_1170,PubChem,3081725,-7.655,9,0,[H]c1c([H])c([H])c2c(c1[H])c1c3c(c4c5c([H])c([H])c([H])c([H])c5n5c4c1n2[C@]1(C([H])([H])[H])O[C@@]5([H])C([H])([H])[C@@]([H])(N([H])C([H])([H])[H])[C@@]1([H])OC([H])([H])[H])C(=O)[N-]C3=O,479.52,88.59,1,5,5,4.78
mol_122,PubChem,25180895,-8.019,9,0,[H]ON1C(=O)[C@]2(c3c([H])c([H])c4c(c31)C([H])=C([H])C(C([H])([H])[H])(C([H])([H])[H])O4)C(C([H])([H])[H])(C([H])([H])[H])[C@@]1([H])C([H])([H])[C@@]34C(=O)N([H])[C@@]1(C(=O)N3C([H])([H])C([H])([H])C4([H])[H])[C@@]2([H])O[H],479.53,119.41,3,6,6,1.49
mol_92,PubChem,102043608,-8.109,9,0,[H]O[C@@]1([H])O[C@]2(C(=O)c3c([H])c([H])c4c(c3N2[H])C([H])=C([H])C(C([H])([H])[H])(C([H])([H])[H])O4)C(C([H])([H])[H])(C([H])([H])[H])[C@@]2([H])C([H])([H])[C@@]34C(=O)N([H])[C@@]12C(=O)N3C([H])([H])C([H])([H])C4([H])[H],479.53,117.2,3,7,5,1.8
mol_3778,PubChem,71665368,-7.123,9,0,[H]C([H])=C([H])C(C([H])([H])[H])(C([H])([H])[H])[C@]1(C([H])([H])[C@]2([H])C(=O)N3C([H])([H])C([H])([H])C([H])([H])[C@]3(OC([H])([H])[H])C(=O)N2[H])C(=O)N([H])c2c3c(c([H])c([H])c21)OC(C([H])([H])[H])(C([H])([H])[H])C([H])=C3[H],479.58,96.97,2,5,10,3.13
mol_3843,PubChem,5102144,-7.288,9,0,[H]c1c([H])c(-n2c([O-])c(C(=N[C@@]([H])(C(=O)OC([H])([H])[H])C([H])([H])c3c([H])n([H])c4c([H])c([H])c([H])c([H])c34)C([H])([H])[H])c(=O)n([H])c2=O)c([H])c([H])c1Cl,479.9,132.37,2,6,8,2.33
mol_4193,PubChem,10227702,-7.177,9,33,[H]c1c(Br)c(OC([H])([H])C([H])([H])C([H])([H])C(=O)[O-])c(C([H])([H])C([H])([H])[H])c([H])c1-c1c2c(C([H])([H])[H])c(C([H])([H])[H])oc2c([H])c2c([H])c([H])c([H])c([H])c12,480.38,62.5,0,4,10,6.1
mol_1066,PubChem,60152636,-7.053,9,11,[H]c1c([H])c([H])c(-c2c([H])c3c([O-])c(C(=O)N([H])C([H])([H])C([H])([H])C([H])([H])C(=O)[O-])nc(C#N)c3n(C([H])([H])c3c([H])c([H])c([H])c([H])c3[H])c2=O)c([H])c1[H],480.48,150.97,1,7,8,1.32
mol_1054,PubChem,13084329,-7.645,9,0,[H]O[C@]1(C(=O)C([H])([H])[H])C([H])([H])c2c([O-])c3c(c([H])c2[C@@]([H])(O[C@@]2([H])O[C@]([H])(C([H])([H])[H])[C@]([H])(O[H])[C@]([H])(N([H])[H])C2([H])[H])C1([H])[H])C(=O)c1c([H])c([H])c([H])c([H])c1C3=O,480.49,159.21,3,9,8,0.68
mol_38,PubChem,145982455,-7.723,9,6,[H]O[C@@]1([H])[C@]([H])(N([H])C(=O)C([H])([H])[H])C([H])([H])[C@@]2([H])O[C@]1(C([H])([H])[H])n1c3c([H])c([H])c([H])c([H])c3c3c4c(c5c6c([H])c([H])c([H])c([H])c6n2c5c31)C(=O)N([H])C4([H])[H],480.52,97.52,3,4,4,3.62
mol_73,PubChem,139589943,-7.741,9,0,[H]O[C@@]1([H])[C@]([H])(N([H])C(=O)C([H])([H])[H])C([H])([H])[C@@]2([H])O[C@]1(C([H])([H])[H])n1c3c([H])c([H])c([H])c([H])c3c3c4c(c5c6c([H])c([H])c([H])c([H])c6n2c5c31)C(=O)N([H])C4([H])[H],480.52,97.52,3,4,4,3.62
mol_378,PubChem,10552740,-7.189,9,11,[H]c1c([H])c([H])c2c(c1[H])c1c3c(c4c5c([H])c([H])c([H])c([H])c5n5c4c1n2[C@]1([H])O[C@@]5(C([H])([H])[H])[C@@]([H])(OC([H])([H])[H])[C@]([H])(N(C([H])([H])[H])C([H])([H])[H])C1([H])[H])C([H])([H])N([H])C3=O,480.57,60.66,1,4,6,4.7
mol_292,PubChem,44406292,-7.949,9,11,[H]c1c([H])c([H])c(-c2c([H])c([H])c(-c3nc(C([H])([H])C([H])([H])Oc4c([H])c([H])c5c(c4[H])C([H])([H])C([H])([H])[C@@]5([H])[C@]([H])(C(=O)[O-])C([H])([H])C([H])([H])[H])c(C([H])([H])[H])o3)c([H])c2[H])c([H])c1[H],480.58,75.39,0,5,11,5.74
mol_1131,PubChem,11340623,-7.449,9,6,[H]c1c(-c2c([H])c([H])c([H])c([H])c2[H])nc(-n2c([H])c(C(=O)C([H])([H])C([H])([H])C(=O)[O-])c3c([H])c(Cl)c([H])c([H])c32)nc1-c1c([H])c([H])c([H])c([H])c1[H],480.93,87.91,0,5,7,5.12
mol_244,PubChem,11237015,-7.533,9,6,[H]c1c(-c2c([H])c([H])c([H])c([H])c2[H])nc(-c2c([H])c([H])c([H])c([H])c2[H])nc1-n1c([H])c(C(=O)C([H])([H])C([H])([H])C(=O)[O-])c2c([H])c(Cl)c([H])c([H])c21,480.93,87.91,0,5,7,5.12
mol_400,PubChem,3622216,-8.155,9,11,[H]c1c([H])c([H])c(-c2c([H])c(=O)oc3c([H])c(OC([H])([H])C(=O)N([H])[C@]([H])(C(=O)[O-])C([H])([H])c4c([H])n([H])c5c([H])c([H])c([H])c([H])c45)c([H])c([H])c23)c([H])c1[H],481.48,124.46,2,6,8,2.8
mol_990,PubChem,1194308,-8.188,9,17,[H]c1c([H])c([H])c(-c2c([H])c(=O)oc3c([H])c(OC([H])([H])C(=O)N([H])[C@]([H])(C(=O)[O-])C([H])([H])c4c([H])n([H])c5c([H])c([H])c([H])c([H])c45)c([H])c([H])c23)c([H])c1[H],481.48,124.46,2,6,8,2.8
mol_1757,PubChem,71447,-7.424,9,11,[H]c1c([H])c([H])c([C@@]([H])(C(=O)N([H])[C@]2([H])C(=O)N3[C@]2([H])SC(C([H])([H])[H])(C([H])([H])[H])[C@]3([H])C(=O)O[C@]2([H])OC(=O)c3c([H])c([H])c([H])c([H])c32)N([H])[H])c([H])c1[H],481.53,128.03,2,8,8,1.65
mol_2745,PubChem,71446,-7.407,9,11,[H]c1c([H])c([H])c([C@@]([H])(C(=O)N([H])[C@]2([H])C(=O)N3[C@]2([H])SC(C([H])([H])[H])(C([H])([H])[H])[C@]3([H])C(=O)O[C@]2([H])OC(=O)c3c([H])c([H])c([H])c([H])c32)N([H])[H])c([H])c1[H],481.53,128.03,2,8,8,1.65
mol_1371,PubChem,10367990,-7.136,9,0,[H]C(C(=O)N([H])c1c([H])c([H])c([H])c([H])c1OC([H])([H])C([H])([H])C([H])([H])C(=O)[O-])=C(c1c([H])c([H])c2c(c1[H])c([H])c([H])n2C([H])([H])c1c([H])c([H])c([H])c([H])c1C([H])([H])[H])C([H])([H])[H],481.57,83.39,1,4,12,4.95
mol_1851,PubChem,10480402,-7.029,9,17,[H]C(C(=O)N([H])c1c([H])c([H])c([H])c([H])c1OC([H])([H])C([H])([H])C([H])([H])C(=O)[O-])=C(c1c([H])c([H])c2c(c1[H])c([H])c([H])n2C([H])([H])c1c([H])c([H])c([H])c(C([H])([H])[H])c1[H])C([H])([H])[H],481.57,83.39,1,4,12,4.95
mol_347,PubChem,101463300,-7.918,9,0,[H]C1=C([H])C(C([H])([H])[H])(C([H])([H])[H])Oc2c(Cl)c([H])c3c(c21)N([H])C(=O)[C@]31C(C([H])([H])[H])(C([H])([H])[H])[C@]2([H])C([H])([H])[C@@]34C(=O)N([H])[C@@]2(C(=O)N3C([H])([H])C([H])([H])C4([H])[H])C1([H])[H],481.98,87.74,2,4,4,3.39
mol_3001,PubChem,5327918,-7.245,9,17,[H]c1c([H])c(Cl)c(-c2c([H])c3c([H])nc(N([H])c4c([H])c([H])c(C([H])([H])C([H])([H])C([H])([H])C(=O)[O-])c([H])c4[H])nc3n(C([H])([H])[H])c2=O)c(Cl)c1[H],482.35,99.94,1,6,8,4.12
mol_697,PubChem,176483323,-7.87,9,17,[H]Oc1c2c(c([O-])c3c1C([H])([H])C(=O)C([H])([H])[C@]3([H])O[C@@]1([H])O[C@]([H])(C([H])([H])[H])[C@@]([H])(O[H])[C@@]([H])(N([H])[H])C1([H])[H])C(=O)c1c(OC([H])([H])[H])c([H])c([H])c([H])c1C2=O,482.46,168.44,3,10,8,0.65
mol_561,PubChem,176484096,-7.897,9,6,[H]Oc1c2c(c([O-])c3c1C([H])([H])C(=O)C([H])([H])[C@]3([H])O[C@@]1([H])O[C@]([H])(C([H])([H])[H])[C@@]([H])(O[H])[C@@]([H])(N([H])[H])C1([H])[H])C(=O)c1c(OC([H])([H])[H])c([H])c([H])c([H])c1C2=O,482.46,168.44,3,10,8,0.65
mol_3188,PubChem,156698794,-7.413,9,6,[H]OC1=C([H])c2c(O[H])c3c(c([O-])c2[C@@]([H])(O[C@]2([H])O[C@]([H])(C([H])([H])[H])[C@]([H])(O[H])[C@]([H])(N([H])[H])C2([H])[H])C1([H])[H])C(=O)c1c(OC([H])([H])[H])c([H])c([H])c([H])c1C3=O,482.46,171.6,4,10,9,1.43
mol_1251,PubChem,491295,-7.163,9,11,[H]c1oc([H])c(-c2nc3c([H])c(C(=O)N([H])[C@@]([H])(C(=O)[O-])C([H])([H])c4c([H])n([H])c5c([H])c([H])c([O-])c([H])c45)c([H])c([H])c3n2C([H])([H])C2([H])C([H])([H])C2([H])[H])c1[H],482.5,139.04,2,6,8,2.35
mol_1169,PubChem,491299,-7.154,9,0,[H]c1oc([H])c(-c2nc3c([H])c(C(=O)N([H])[C@]([H])(C(=O)[O-])C([H])([H])c4c([H])n([H])c5c([H])c([H])c([O-])c([H])c45)c([H])c([H])c3n2C2([H])C([H])([H])C([H])([H])C2([H])[H])c1[H],482.5,139.04,2,6,7,2.67
mol_120,PubChem,72271,-7.706,9,0,[H]O[C@]1([H])c2c(c3c4c([H])c([H])c([H])c([H])c4n4c3c3c2c2c([H])c([H])c([H])c([H])c2n3[C@]2(C([H])([H])[H])O[C@@]4([H])C([H])([H])[C@@]([H])(N([H])C([H])([H])[H])[C@]2([H])OC([H])([H])[H])C(=O)N1[H],482.54,89.68,3,5,6,3.84
mol_320,PubChem,9934999,-7.718,9,17,[H]c1c([H])c([H])c(C([H])([H])[H])c(N([H])c2nc3c([H])c([H])c(C([H])([H])C(=O)N([H])c4c([H])c([H])c([C@]([H])(C([H])([H])[H])C([H])([H])C(=O)[O-])c5c4C([H])([H])C([H])([H])C5([H])[H])c([H])c3o2)c1[H],482.56,107.29,2,6,10,4.79
mol_478,PubChem,67675739,-7.788,9,11,[H]c1c([H])c([H])c(C([H])([H])[C@]([H])(C(=O)N([H])[C@]([H])(C(=O)[O-])C([H])([H])c2c([H])n([H])c3c([H])c([H])c([H])c([H])c23)N(C(=O)c2c([H])c([H])c(C([H])([H])[H])c([H])c2[H])C([H])([H])[H])c([H])c1[H],482.56,105.33,2,4,11,2.64
mol_1327,PubChem,9805325,-7.247,9,11,[H]c1c([H])c(C(=O)c2c([H])n(C([H])([H])C([H])([H])C([H])([H])C(=O)[O-])c3c([H])c([H])c([H])c([H])c23)c([H])c([H])c1O[C@]([H])(c1c([H])c([H])c(C([H])([H])C([H])(C([H])([H])[H])C([H])([H])[H])c([H])c1[H])C([H])([H])[H],482.6,71.36,0,4,14,5.74
mol_3310,PubChem,10254719,-7.297,9,0,[H]c1c([H])c(C(=O)c2c([H])n(C([H])([H])C([H])([H])C([H])([H])C(=O)[O-])c3c([H])c([H])c([H])c([H])c23)c([H])c([H])c1O[C@]([H])(c1c([H])c([H])c(C([H])([H])C([H])(C([H])([H])[H])C([H])([H])[H])c([H])c1[H])C([H])([H])[H],482.6,71.36,0,4,14,5.74
mol_559,PubChem,59370369,-7.556,9,0,[H]c1c([H])c([H])c(C([H])([H])C([H])([H])C([H])([H])C(=O)[O-])c(N(C(=O)c2c([H])c([H])c(Cl)c(-c3nc4c([H])c([H])c([H])c([H])c4c([H])c3C#N)c2[H])C([H])([H])[H])c1[H],482.95,97.12,0,5,8,4.78
mol_3812,PubChem,153525929,-7.114,9,0,[H]O[C@@]1([H])C([H])([H])C([H])([H])[C@@]2(C([H])([H])[H])[C@]([H])(C1([H])[H])C([H])([H])[C@]([H])(O[H])[C@]1([H])[C@]2([H])C([H])([H])[C@@]([H])(O[H])[C@]2(C([H])([H])[H])[C@]([H])([C@@]([H])(C([H])([H])[H])C([H])([H])C([H])([H])C(=O)N([H])c3c([H])c([H])c([H])c([H])c3[H])C([H])([H])C([H])([H])[C@]12[H],483.69,89.79,4,4,11,5.0
mol_1428,PubChem,86655449,-7.126,9,28,[H]C(C(=O)N([H])[C@@]([H])(C(=O)OC([H])([H])[H])C([H])([H])c1c([H])n([H])c2c([H])c([H])c([H])c([H])c12)=C([H])c1c([H])c(C(F)(F)F)c([H])c(C(F)(F)F)c1[H],484.4,71.19,2,3,7,5.12
mol_993,PubChem,66778435,-7.073,9,6,[H]c1c(-c2n[n-]c([C@]([H])(c3c([H])c([H])c([H])c([H])c3C(F)(F)F)C([H])([H])C([H])([H])C(=O)[O-])n2)nc(OC([H])([H])[H])c(-n2c([H])nc(C([H])([H])[H])c2[H])c1[H],484.44,119.95,0,7,10,2.68
mol_799,PubChem,156757818,-7.187,9,11,[H]c1c([H])c([H])c2c(c1[H])-c1c([H])c([H])c([H])c([H])c1C2([H])C([H])([H])OC(=O)N([H])[C@]([H])(C(=O)[O-])C([H])([H])C([H])([H])c1c([H])c([H])c(OC(F)(F)F)c([H])c1[H],484.45,87.69,1,5,8,4.18
mol_458,PubChem,4834479,-7.828,9,0,[H]c1c([H])c([H])c2c(c1[H])c(=O)oc1c([H])c(O[C@@]([H])(C(=O)N([H])[C@]([H])(C(=O)[O-])C([H])([H])c3c([H])n([H])c4c([H])c([H])c([O-])c([H])c34)C([H])([H])[H])c([H])c([H])c12,484.46,147.52,2,7,8,1.75
mol_4686,PubChem,135862988,-7.326,9,50,[H]ON([H])C(c1onc(-c2c([H])c([H])c(N([H])c3nc4c([H])c([H])c(F)c([H])c4s3)c([H])c2[H])c1[H])=[N+]([H])[C@]([H])(C(=O)OC([H])([H])[H])C([H])(C([H])([H])[H])C([H])([H])[H],484.53,123.48,4,8,11,2.84
mol_892,PubChem,10028351,-7.695,9,0,[H]c1c(C([H])([H])C([H])([H])C(=O)N2C([H])([H])C([H])([H])C([H])(C([H])([H])[C@]([H])(c3c([H])c([H])c4c([H])c([H])c([H])c([H])c4c3[H])C([H])([H])C(=O)[O-])C([H])([H])C2([H])[H])nc2c(c1[H])C([H])([H])C([H])([H])C([H])([H])N2[H],484.62,85.36,1,5,8,4.08
mol_1658,PubChem,71280351,-7.452,9,17,[H]c1nc2c(nc1-c1nn(C([H])([H])C([H])([H])C([H])([H])C(=O)[O-])c3c([H])c([H])c(OC([H])(F)F)c([H])c13)c(C(=O)N([H])C(C([H])([H])[H])(C([H])([H])[H])C([H])([H])[H])c([H])n2[H],485.47,137.85,2,7,8,2.63
mol_2156,PubChem,60152242,-7.386,9,17,[H]c1c([H])c([H])c(C([H])([H])n2c(=O)c(-c3c([H])c([H])c([H])c(OC([H])([H])[H])c3[H])c([H])c3c([O-])c(C(=O)N([H])C([H])([H])C([H])([H])C([H])([H])C(=O)[O-])nc([H])c32)c([H])c1[H],485.5,136.41,1,7,10,1.45
mol_2172,PubChem,60152115,-7.296,9,6,[H]c1c([H])c([H])c(C([H])([H])n2c(=O)c(-c3c([H])c([H])c(OC([H])([H])[H])c([H])c3[H])c([H])c3c([O-])c(C(=O)N([H])C([H])([H])C([H])([H])C([H])([H])C(=O)[O-])nc([H])c32)c([H])c1[H],485.5,136.41,1,7,10,1.45
mol_2395,PubChem,1756385,-7.304,9,0,[H]c1c([H])c([H])c2c(c1[H])c(C([H])([H])[C@@]([H])(C(=O)[O-])N([H])C(=O)C([H])([H])c1c(C([H])([H])[H])c3c([H])c4c(C([H])([H])[H])c(C([H])([H])[H])oc4c(C([H])([H])[H])c3oc1=O)c([H])n2[H],485.52,128.37,2,6,10,3.27
mol_1276,PubChem,24280399,-7.953,9,0,[H]c1c([H])c([H])c2c(c1[H])c(C([H])([H])[C@@]([H])(C(=O)[O-])N([H])C(=O)C([H])([H])C([H])([H])c1c(C([H])([H])[H])c3c([H])c4c(C([H])([H])[H])c(C([H])([H])[H])oc4c([H])c3oc1=O)c([H])n2[H],485.52,128.37,2,6,10,3.36
mol_114,PubChem,1802276,-7.979,9,0,[H]c1c([H])c([H])c2c(c1[H])c(C([H])([H])[C@@]([H])(C(=O)[O-])N([H])C(=O)C([H])([H])C([H])([H])c1c(C([H])([H])[H])c3c([H])c4c(C([H])([H])[H])c(C([H])([H])[H])oc4c([H])c3oc1=O)c([H])n2[H],485.52,128.37,2,6,10,3.36
mol_181,PubChem,16409077,-8.241,9,11,[H]c1c([H])c([H])c2c(c1[H])c(C([H])([H])[C@@]([H])(C(=O)[O-])N([H])C(=O)C([H])([H])c1c(C([H])([H])[H])c3c(oc1=O)c([H])c(C([H])([H])[H])c1c(C([H])([H])[H])c(C([H])([H])[H])oc13)c([H])n2[H],485.52,128.37,2,6,10,3.27
mol_4198,PubChem,69247248,-7.324,9,0,[H]c1c([H])c([H])c(-n2c(C([H])([H])C([H])([H])[C@@]([H])(C(=O)OC([H])([H])c3c([H])c([H])c([H])c([H])c3[H])N([H])C(=O)OC(C([H])([H])[H])(C([H])([H])[H])C([H])([H])[H])nc3c([H])c([H])c([H])c([H])c32)c([H])c1[H],485.58,82.45,1,5,8,5.59
mol_1553,PubChem,12136421,-7.063,9,6,[H]c1c([H])c(C([H])([H])N([H])C(=O)c2c([H])c(C([H])([H])[C@@]([H])(C(=O)[O-])C([H])([H])C([H])([H])[H])c([H])c([H])c2OC([H])([H])[H])c([H])c([H])c1Oc1c([H])c(F)c(F)c(F)c1[H],486.47,87.69,1,5,12,4.15
mol_2633,PubChem,4836392,-7.988,9,22,[H]c1c([O-])c([H])c2c(C([H])([H])[C@@]([H])(C(=O)[O-])N([H])C(=O)C([H])([H])c3c(C([H])([H])[H])c4c([H])c5c(C([H])([H])[H])c(C([H])([H])[H])oc5c([H])c4oc3=O)c([H])n([H])c2c1[H],486.48,151.43,2,7,9,2.04
mol_1607,PubChem,9870100,-7.014,9,11,[H]c1c([H])c([H])c(-n2nnc(-c3c([H])c([H])c(S(=O)(=O)[N-][C@@]([H])(C(=O)[O-])C([H])([H])c4c([H])n([H])c5c([H])c([H])c([H])c([H])c45)c([H])c3[H])n2)c([H])c1[H],486.51,147.76,1,7,8,2.23
mol_3731,PubChem,657145,-7.001,9,0,[H]c1c([H])c([H])c2c(c1[H])c(C([H])([H])[C@@]([H])(C(=O)N1C([H])([H])C([H])([H])C([H])([H])[C@]1([H])C(=O)N([H])[C@]([H])(C(=O)[O-])C([H])([H])c1c([H])n([H])c3c([H])c([H])c([H])c([H])c13)N([H])[H])c([H])n2[H],486.55,147.14,4,5,9,0.99
mol_343,PubChem,16402120,-7.0,9,0,[H]C([H])([H])C([H])([H])C([H])([H])C(=O)O[C@]1([H])C([H])([H])C([H])([H])[C@@]2(C([H])([H])[H])[C@@]([H])(C([H])([H])C([H])([H])[C@@]3([H])[C@]4([H])C([H])([H])[C@]5([H])O[C@@]6(OC([H])([H])[C@@]([H])(C([H])([H])[H])C([H])([H])C6([H])[H])[C@@]([H])(C([H])([H])[H])[C@]5([H])[C@]4(C([H])([H])[H])C([H])([H])C([H])([H])[C@]32[H])C1([H])[H],486.74,44.76,0,4,8,7.14
mol_1244,PubChem,162170,-7.095,9,11,[H]c1c([H])c([H])c([C@]([H])(C(=O)N([H])[C@@]2([H])C(=O)N3[C@]([H])(C(=O)[O-])C(C([H])([H])[H])(C([H])([H])[H])S[C@]32[H])N([H])C(=O)N2C([H])([H])C(=O)[N-]C(=O)C2([H])[H])c([H])c1[H],487.49,170.12,2,8,7,-1.52
mol_1470,PubChem,16408452,-7.816,9,0,[H]c1c([H])c([H])c2c(c1[H])c(C([H])([H])[C@@]([H])(C(=O)[O-])N([H])C(=O)C([H])([H])c1c(C([H])([H])[H])c3c([H])c4c(c([H])c3oc1=O)OC(C([H])([H])[H])(C([H])([H])[H])C([H])([H])C4([H])[H])c([H])n2[H],487.53,124.46,2,6,9,2.71
mol_3007,PubChem,16406896,-7.304,9,11,[H]C([H])=C(C([H])([H])[H])C([H])([H])Oc1c([H])c(C([H])([H])[H])c([H])c2oc(=O)c(C([H])([H])C(=O)N([H])[C@@]([H])(C(=O)[O-])C([H])([H])c3c([H])n([H])c4c([H])c([H])c([H])c([H])c34)c(C([H])([H])[H])c12,487.53,124.46,2,6,12,2.87
mol_1902,PubChem,24279891,-8.082,9,0,[H]c1c(C([H])([H])[H])c([H])c2oc(=O)c3c(c2c1O[C@]([H])(C(=O)N([H])[C@]([H])(C(=O)[O-])C([H])([H])c1c([H])n([H])c2c([H])c([H])c([H])c([H])c12)C([H])([H])[H])C([H])([H])C([H])([H])C([H])([H])C3([H])[H],487.53,124.46,2,6,9,2.71
mol_300,PubChem,16399256,-7.493,9,17,[H]c1c(O[C@@]([H])(C(=O)N([H])[C@]([H])(C(=O)[O-])C([H])([H])c2c([H])n([H])c3c([H])c([H])c([H])c([H])c23)C([H])([H])[H])c(C([H])([H])[H])c2oc(=O)c3c(c2c1[H])C([H])([H])C([H])([H])C([H])([H])C3([H])[H],487.53,124.46,2,6,9,2.71
mol_278,PubChem,4916727,-7.499,9,17,[H]c1c([H])c([H])c2c(c1[H])C(=O)c1c(-c3c([H])c([H])c(OC(=O)C([H])([H])C([H])([H])C([H])([H])[H])c(OC([H])([H])C([H])([H])[H])c3[H])nc3c([H])c([H])c4c([H])c([H])c([H])c([H])c4c3c1-2,487.55,65.49,0,5,8,7.37
mol_2549,PubChem,44290930,-7.27,9,11,[H]c1c([H])c(-c2c([H])c([H])c(C(=O)N([H])[C@]([H])(C([H])([H])[H])[C@]([H])(C(=O)OC([H])([H])[H])C([H])([H])c3c([H])c([H])c([H])c(C(N([H])[H])=[N+]([H])[H])c3[H])c([H])c2[H])c([H])c(C([H])([H])N(C([H])([H])[H])C([H])([H])[H])c1[H],487.62,110.25,3,4,14,2.03
mol_1521,PubChem,9870130,-7.58,9,0,[H]c1c([H])c(C([H])([H])C(=O)N([H])c2c([H])c([H])c(C([H])([H])C([H])([H])C([H])([H])C(=O)[O-])c([H])c2[H])c([H])c([H])c1OC([H])([H])c1nc2c([H])c(Cl)c([H])c([H])c2c([H])c1[H],487.96,91.35,1,5,10,4.72
mol_72,PubChem,9826744,-8.758,9,0,[H]c1c([H])c([H])c([C@]2([H])C(c3c([H])c([H])c(Cl)c([H])c3[H])=NN(C(N([H])S(=O)(=O)c3c([H])c([H])c(Cl)c([H])c3[H])=[N+]([H])C([H])([H])[H])C2([H])[H])c([H])c1[H],488.42,75.74,2,3,5,2.84
mol_2640,PubChem,37963434,-7.655,9,22,[H]c1sc(-c2c([H])c([H])c(OC(F)(F)F)c([H])c2[H])nc1C([H])([H])C(=O)N([H])[C@@]([H])(C(=O)[O-])C([H])([H])c1c([H])n([H])c2c([H])c([H])c([H])c([H])c12,488.47,107.14,2,6,8,3.21
mol_471,PubChem,4835532,-7.32,9,0,[H]c1c(C([H])([H])[H])c([H])c2oc(=O)c3c(c2c1O[C@@]([H])(C(=O)N([H])[C@]([H])(C(=O)[O-])C([H])([H])c1c([H])n([H])c2c([H])c([H])c([O-])c([H])c12)C([H])([H])[H])C([H])([H])C([H])([H])C3([H])[H],488.5,147.52,2,7,9,1.39
mol_427,PubChem,4835562,-7.605,9,17,[H]c1c(O[C@@]([H])(C(=O)N([H])[C@]([H])(C(=O)[O-])C([H])([H])c2c([H])n([H])c3c([H])c([H])c([O-])c([H])c23)C([H])([H])[H])c(C([H])([H])[H])c2oc(=O)c3c(c2c1[H])C([H])([H])C([H])([H])C3([H])[H],488.5,147.52,2,7,9,1.39
mol_431,PubChem,4836605,-8.199,9,11,[H]c1c(C([H])([H])[H])c([H])c2oc(=O)c3c(c2c1OC([H])([H])C(=O)N([H])[C@]([H])(C(=O)[O-])C([H])([H])c1c([H])n([H])c2c([H])c([H])c([O-])c([H])c12)C([H])([H])C([H])([H])C([H])([H])C3([H])[H],488.5,147.52,2,7,8,1.39
mol_1290,PubChem,23650091,-7.213,9,0,[H]c1c([H])c([H])c(-c2c(C(F)(F)F)sc(C([H])([H])Oc3c([H])c([H])c4c(c3[H])C([H])([H])C([H])([H])C([H])([H])N4C(=O)C([H])([H])C([H])([H])C(=O)[O-])c2[H])c([H])c1[H],488.51,69.67,0,5,7,4.82
mol_4263,PubChem,177825839,-7.257,9,6,[H]C([H])(OC(=O)C([H])([H])C([H])([H])N1C(=O)[C@]2(C([H])([H])[H])[C@](C([H])([H])[H])(C1=O)[C@]1([H])O[C@@]2([H])C([H])([H])C1([H])[H])C([H])([H])N1C(=O)[C@]2(C([H])([H])[H])[C@](C([H])([H])[H])(C1=O)[C@]1([H])O[C@@]2([H])C([H])([H])C1([H])[H],488.54,119.52,0,8,10,0.8
mol_276,PubChem,67109948,-7.269,9,0,[H]c1c([H])c(C([H])([H])Oc2nc([H])c3c([H])c([H])c([H])c([H])c3c2[H])c([H])c([H])c1-c1c([H])c([H])c(S(=O)(=O)[N-][C@]([H])(C(=O)[O-])C([H])(C([H])([H])[H])C([H])([H])[H])c([H])c1[H],488.56,110.49,0,6,11,4.32
mol_806,PubChem,67675878,-7.423,9,0,[H]c1sc(C(=O)N(C([H])([H])[H])[C@@]([H])(C(=O)N([H])[C@]([H])(C(=O)[O-])C([H])([H])c2c([H])n([H])c3c([H])c([H])c([H])c([H])c23)C([H])([H])c2c([H])c([H])c([H])c([H])c2[H])c(C([H])([H])[H])c1[H],488.59,105.33,2,5,11,2.7
mol_1475,PubChem,67674916,-7.458,9,0,[H]c1c(C(=O)N(C([H])([H])[H])[C@]([H])(C(=O)N([H])[C@]([H])(C(=O)[O-])C([H])([H])c2c([H])n([H])c3c([H])c([H])c([H])c([H])c23)C([H])([H])c2c([H])c([H])c([H])c([H])c2[H])sc(C([H])([H])[H])c1[H],488.59,105.33,2,5,11,2.7
mol_792,PubChem,59365134,-7.312,9,11,[H]c1c([H])c(C2([H])C([H])([H])C([H])([H])N(C(=O)C([H])([H])C(C(=O)[O-])(C([H])([H])[H])C([H])([H])[H])C([H])([H])C2([H])[H])c([H])c([H])c1N([H])C(=O)c1c([H])c2c(C([H])([H])[H])c([H])c([H])c([H])c2n1C([H])([H])C([H])([H])[H],488.61,94.47,1,4,11,4.09
mol_1536,PubChem,21714776,-7.309,9,0,[H]C1=C([H])[C@@]([H])(C([H])([H])[H])[C@@]([H])(C([H])([H])C([H])([H])[C@@]2([H])OC(=O)C([H])([H])[C@]([H])(O[C@@]3([H])OC([H])([H])C([H])([H])C([H])([H])C3([H])[H])C2([H])[H])[C@]2([H])C1=C([H])[C@@]([H])(C([H])([H])[H])C([H])([H])[C@@]2([H])OC(=O)[C@@]([H])(C([H])([H])[H])C([H])([H])C([H])([H])[H],488.66,71.06,0,6,12,5.75
mol_4052,PubChem,71429075,-7.153,9,6,[H]c1c([H])c([H])c2c(c1[H])c(C([H])([H])[C@@]([H])(C(=O)[O-])N([H])C(=O)[C@@]([H])(N([H])C(=O)OC(C([H])([H])[H])(C([H])([H])[H])C([H])([H])[H])C([H])([H])c1c([H])n([H])c3c([H])c([H])c([H])c([H])c13)c([H])n2[H],489.55,139.14,4,5,8,2.56
mol_2107,PubChem,16399413,-7.572,9,28,[H]c1c(O[C@]([H])(C(=O)N([H])[C@]([H])(C(=O)[O-])C([H])([H])c2c([H])n([H])c3c([H])c([H])c([H])c([H])c23)C([H])([H])[H])c(C([H])([H])[H])c2oc(=O)c([H])c(C([H])([H])C([H])([H])C([H])([H])C([H])([H])[H])c2c1[H],489.55,124.46,2,6,13,3.17
mol_70,PubChem,44352406,-7.197,9,6,[H]c1c([H])c(C([H])([H])C([H])([H])C([H])([H])C(=O)[O-])c([H])c([H])c1N([H])C(=O)c1c([H])c([H])c2c([H])c([H])c(OC([H])([H])c3nc4c([H])c([H])c([H])c([H])c4c([H])c3[H])c([H])c2c1[H],489.55,91.35,1,5,9,5.29
mol_216,PubChem,44352326,-7.167,9,6,[H]c1c([H])c(C([H])([H])C([H])([H])C([H])([H])C(=O)[O-])c([H])c([H])c1N([H])C(=O)c1c([H])c([H])c2c([H])c(OC([H])([H])c3nc4c([H])c([H])c([H])c([H])c4c([H])c3[H])c([H])c([H])c2c1[H],489.55,91.35,1,5,9,5.29
mol_1366,PubChem,24863326,-7.339,9,0,[H]c1c([H])c([H])c2c(c1[H])N([H])C(=O)N(C1([H])C([H])([H])C([H])([H])N(C(=O)C([H])([H])[C@@]([H])(C(=O)OC([H])([H])[H])C([H])([H])c3c([H])c(C([H])([H])[H])c4c(c([H])nn4[H])c3[H])C([H])([H])C1([H])[H])C2([H])[H],489.58,107.63,2,5,8,3.63
mol_970,PubChem,9983052,-7.057,9,0,[H]c1c(C([H])([H])C([H])([H])C(=O)N2C([H])([H])C([H])([H])C([H])(C([H])([H])[C@]([H])(C([H])([H])C(=O)[O-])[C@@]3([H])C([H])([H])c4c([H])c([H])c([H])c([H])c4N([H])C3([H])[H])C([H])([H])C2([H])[H])nc2c(c1[H])C([H])([H])C([H])([H])C([H])([H])N2[H],489.64,97.39,2,6,8,3.04
mol_1626,PubChem,44396062,-7.808,9,0,[H]c1nc2c(c([H])c1[C@@]([H])(C([H])([H])C(=O)[O-])C([H])([H])C1([H])C([H])([H])C([H])([H])N(C(=O)C([H])([H])C([H])([H])c3nc4c(c([H])c3[H])C([H])([H])C([H])([H])C([H])([H])N4[H])C([H])([H])C1([H])[H])C([H])([H])C([H])([H])C([H])([H])C2([H])[H],489.64,98.25,1,6,8,3.2
mol_674,PubChem,138112895,-7.895,9,0,[H]c1c([H])c([H])c2c(c1[H])-c1c([H])c([H])c([H])c([H])c1C2([H])C([H])([H])OC(=O)N([H])[C@]([H])(C(=O)[O-])C([H])([H])C([H])([H])c1c(F)c(F)c(F)c(F)c1F,490.4,78.46,1,4,7,3.97
mol_1690,PubChem,7009773,-7.697,9,17,[H]c1c([H])c([H])c2c(c1[H])-c1c([H])c([H])c([H])c([H])c1C2([H])C([H])([H])OC(=O)N([H])[C@]([H])(C([H])([H])C(=O)[O-])C([H])([H])c1c(F)c(F)c(F)c(F)c1F,490.4,78.46,1,4,7,3.97
mol_452,PubChem,2761628,-7.754,9,17,[H]c1c([H])c([H])c2c(c1[H])-c1c([H])c([H])c([H])c([H])c1C2([H])C([H])([H])OC(=O)N([H])[C@]([H])(C([H])([H])C(=O)[O-])C([H])([H])c1c(F)c(F)c(F)c(F)c1F,490.4,78.46,1,4,7,3.97
mol_2685,PubChem,42612968,-7.085,9,11,[H]c1c([H])c([H])c(-c2c(C(F)(F)F)sc(C([H])([H])Oc3c([H])c([H])c4c(c3[H])OC([H])([H])C([H])([H])N4C(=O)C([H])([H])C([H])([H])C(=O)[O-])c2[H])c([H])c1[H],490.48,78.9,0,6,7,4.27
mol_4788,PubChem,136023310,-7.657,9,22,[H]C#CC([H])([H])N(c1c([H])c([H])c(C(=O)N([H])[C@@]([H])(C(=O)[O-])C(C([H])([H])[H])(C([H])([H])[H])C([H])([H])[H])c(F)c1[H])C([H])([H])c1c(C([H])([H])[H])c([H])c2nc(C([H])([H])[H])[n-]c(=O)c2c1[H],490.53,116.53,1,6,9,1.84
mol_1207,PubChem,90332751,-7.681,9,17,[H]c1nc(C(=O)N([H])[C@@]([H])(C(=O)N([H])C(C([H])([H])[H])(C([H])([H])[H])C([H])([H])c2c([H])c([H])c(F)c([H])c2[H])C([H])([H])[C@@]([H])(C(=O)[O-])C([H])([H])[H])c([H])c([H])c1-c1c([H])c([H])c([H])c([H])c1[H],490.55,111.22,2,5,13,2.9
mol_99,PubChem,58864220,-7.923,9,11,[H]c1c([H])c([H])c2c(c1[H])N([H])C(=O)N(C1([H])C([H])([H])C([H])([H])N(C(=O)C([H])([H])[C@@]([H])(C(=O)OC([H])([H])C([H])([H])[H])N([H])c3c([H])c([H])c4c(c([H])nn4[H])c3[H])C([H])([H])C1([H])[H])C2([H])[H],490.56,119.66,3,6,8,3.34
mol_202,PubChem,22647447,-7.667,9,17,[H]c1c([H])c(C([H])([H])[C@]([H])(C(=O)[O-])C([H])([H])C([H])([H])[H])c(C([H])([H])[H])c([H])c1OC(c1sc(-c2c([H])c([H])c(C(F)(F)F)c([H])c2[H])nc1C([H])([H])[H])(C([H])([H])[H])C([H])([H])[H],490.57,62.25,0,5,13,6.08
mol_2166,PubChem,66772377,-7.271,9,11,[H]C1=C2C(=C([H])[C@]([H])(C(=O)N([H])c3c([H])c([H])c(C4([H])C([H])([H])C([H])([H])N(C(=O)C([H])([H])C(C(=O)[O-])(C([H])([H])[H])C([H])([H])[H])C([H])([H])C4([H])[H])c([H])c3[H])N2C([H])([H])C([H])([H])[H])[C@@]([H])(C([H])([H])[H])C([H])=C1[H],490.62,92.78,1,5,11,3.22
mol_3708,PubChem,10074423,-7.277,9,6,[H]c1c([H])c([H])c(C([H])([H])n2c(=O)c3[n-]c(C([H])([H])c4c([H])c([H])c(N([H])C(=O)C([H])([H])[H])c([H])c4[H])nc3n(C([H])([H])C([H])([H])C([H])([H])C(=O)[O-])c2=O)c(F)c1[H],491.48,140.22,1,6,10,0.78
mol_1081,PubChem,5055219,-7.083,9,11,[H]c1c([H])c([H])c(-n2nc(-c3c([H])c([H])c(C([H])([H])[H])c([H])c3[H])c([C@@]3([H])N(C(=O)C([H])([H])C([H])([H])C(=O)[O-])N=C(c4c([H])c([H])c(C([H])([H])[H])c([H])c4[H])C3([H])[H])c2[H])c([H])c1[H],491.57,90.62,0,5,9,4.36
mol_4610,PubChem,11598432,-7.127,9,0,[H]c1c([H])c(F)c(C(=O)n2nc(N([H])c3c([H])c([H])c(S(=O)(=O)[N-]C(=O)C([H])([H])C([H])([H])C(=O)[O-])c([H])c3[H])nc2N([H])[H])c(F)c1[H],492.42,191.27,2,10,9,0.69
mol_304,PubChem,52939744,-7.268,9,0,[H]c1c([H])c(-c2c([H])c(F)c(F)c([H])c2OC([H])([H])[H])c([H])c([H])c1OC([H])([H])c1c([H])c([H])c([H])c2c1c([H])c([H])n2C(=O)C([H])([H])C(C(=O)[O-])(C([H])([H])[H])C([H])([H])[H],492.5,80.59,0,5,11,4.98
mol_355,PubChem,44587736,-7.914,9,33,[H]c1c(F)c(C([H])([H])[C@@]([H])(C(=O)[O-])C([H])([H])C([H])([H])[H])c([H])c(C([H])([H])N([H])C(=O)c2c([H])c([H])c([C@]34C([H])([H])[C@@]5([H])C([H])([H])[C@]([H])(C([H])([H])[C@]([H])(C5([H])[H])C3([H])[H])C4([H])[H])c([H])c2[H])c1OC([H])([H])[H],492.61,78.46,1,4,11,4.55
mol_172,PubChem,24890334,-7.972,9,33,[H]c1c([H])c(C([H])([H])[C@@]([H])(C(=O)[O-])C([H])([H])C([H])([H])[H])c([H])c(C([H])([H])N([H])C(=O)c2c([H])c([H])c([C@]34C([H])([H])[C@@]5([H])C([H])([H])[C@]([H])(C([H])([H])[C@]([H])(C5([H])[H])C3([H])[H])C4([H])[H])c([H])c2F)c1OC([H])([H])[H],492.61,78.46,1,4,11,4.55
mol_365,PubChem,24890509,-7.531,9,33,[H]c1c(F)c(OC([H])([H])[H])c(C([H])([H])N([H])C(=O)c2c([H])c([H])c([C@]34C([H])([H])[C@@]5([H])C([H])([H])[C@]([H])(C([H])([H])[C@]([H])(C5([H])[H])C3([H])[H])C4([H])[H])c([H])c2[H])c([H])c1C([H])([H])[C@]([H])(C(=O)[O-])C([H])([H])C([H])([H])[H],492.61,78.46,1,4,11,4.55
mol_2115,PubChem,156582096,-7.013,9,0,[H]O[N+]1=C2C(C([H])([H])[H])(C([H])([H])[H])[C@]3([H])C([H])([H])[C@]45C(=O)N([H])[C@]3(C(=O)N4C([H])([H])C([H])([H])C5([H])[H])[C@]([H])(OC([H])([H])[H])[C@]2(O[H])c2c([H])c([H])c3c(c21)C([H])=C([H])C(C([H])([H])[H])(C([H])([H])[H])O3,494.57,111.34,3,6,8,1.85
mol_1639,PubChem,10323518,-7.084,9,0,[H]c1c([H])c([H])c(C([H])([H])[H])c(N([H])C(=O)N([H])c2c([H])c([H])c(-c3c([H])c([H])c([H])n(C([H])([H])c4c([H])c([H])c([C@@]([H])(C([H])([H])[H])C([H])([H])C(=O)[O-])c([H])c4[H])c3=O)c([H])c2[H])c1[H],494.57,103.26,2,4,10,4.76
mol_1177,PubChem,24280078,-7.934,9,6,[H]c1c([H])c([H])c(-c2c([H])c(=O)oc3c([H])c(O[C@]([H])(C(=O)N([H])[C@]([H])(C(=O)[O-])C([H])([H])c4c([H])n([H])c5c([H])c([H])c([H])c([H])c45)C([H])([H])[H])c([H])c([H])c23)c([H])c1[H],495.51,124.46,2,6,9,3.19
mol_819,PubChem,490750,-7.24,9,17,[H]c1oc([H])c(-c2nc3c([H])c(C(=O)N([H])[C@]([H])(C(=O)[O-])C([H])([H])c4c([H])n([H])c5c([H])c([H])c([H])c([H])c45)c([H])c([H])c3n2C2([H])C([H])([H])C([H])([H])C([H])([H])C([H])([H])C2([H])[H])c1[H],495.56,115.98,2,5,7,4.37
mol_653,PubChem,490760,-7.252,9,6,[H]c1oc([H])c(-c2nc3c([H])c(C(=O)N([H])[C@]([H])(C(=O)[O-])C([H])([H])c4c([H])n([H])c5c([H])c([H])c([H])c([H])c45)c([H])c([H])c3n2C2([H])C([H])([H])C([H])([H])C([H])([H])C([H])([H])C2([H])[H])c1[H],495.56,115.98,2,5,7,4.37
mol_409,PubChem,16047445,-7.515,9,0,[H]c1nc([H])n(C([H])([H])c2c([H])c([H])c([C@@]([H])(C([H])([H])[H])C([H])([H])C(=O)[O-])c([H])c2[H])c(=O)c1-c1c([H])c([H])c(N([H])C(=O)N([H])c2c([H])c([H])c([H])c([H])c2C([H])([H])[H])c([H])c1[H],495.56,116.15,2,5,10,4.15
mol_565,PubChem,4833841,-7.913,9,6,[H]c1c([H])c([H])c(-c2c([H])c(=O)oc3c([H])c(OC([H])([H])C(=O)N([H])[C@]([H])(C(=O)[O-])C([H])([H])c4c([H])n([H])c5c([H])c([H])c([O-])c([H])c45)c([H])c([H])c23)c([H])c1[H],496.47,147.52,2,7,8,1.87
mol_372,PubChem,29147486,-7.851,9,17,[H]c1c([H])c([H])c(-c2oc3c([H])c(OC([H])([H])C(=O)N([H])[C@]([H])(C(=O)[O-])C([H])([H])c4c([H])n([H])c5c([H])c([H])c([H])c([H])c45)c([H])c([O-])c3c(=O)c2[H])c([H])c1[H],496.47,147.52,2,7,8,1.87
mol_362,PubChem,15573190,-7.123,9,0,[H]Oc1c2c(c([O-])c3c1[C@]([H])(O[C@@]1([H])O[C@]([H])(C([H])([H])[H])[C@@]([H])(O[H])[C@@]([H])(N([H])[H])C1([H])[H])C([H])([H])[C@@](O[H])(C(=O)C([H])([H])[H])C3([H])[H])C(=O)c1c([H])c([H])c([H])c([H])c1C2=O,496.49,179.44,4,10,9,0.39
mol_280,PubChem,3042870,-7.121,9,0,[H]Oc1c2c(c([O-])c3c1[C@]([H])(O[C@@]1([H])O[C@]([H])(C([H])([H])[H])[C@@]([H])(O[H])[C@@]([H])(N([H])[H])C1([H])[H])C([H])([H])[C@@](O[H])(C(=O)C([H])([H])[H])C3([H])[H])C(=O)c1c([H])c([H])c([H])c([H])c1C2=O,496.49,179.44,4,10,9,0.39
mol_887,PubChem,42890,-7.114,9,0,[H]Oc1c2c(c([O-])c3c1[C@]([H])(O[C@@]1([H])O[C@]([H])(C([H])([H])[H])[C@@]([H])(O[H])[C@@]([H])(N([H])[H])C1([H])[H])C([H])([H])[C@@](O[H])(C(=O)C([H])([H])[H])C3([H])[H])C(=O)c1c([H])c([H])c([H])c([H])c1C2=O,496.49,179.44,4,10,9,0.39
mol_2397,PubChem,491282,-7.85,9,6,[H]c1oc([H])c(-c2nc3c([H])c(C(=O)N([H])[C@@]([H])(C(=O)[O-])C([H])([H])c4c([H])n([H])c5c([H])c([H])c([O-])c([H])c45)c([H])c([H])c3n2C2([H])C([H])([H])C([H])([H])C([H])([H])C2([H])[H])c1[H],496.52,139.04,2,6,7,3.06
mol_3017,PubChem,10413487,-7.699,9,0,[H]ON(C([H])=O)[C@]1([H])C([H])([H])[C@]2([H])O[C@@](C([H])([H])[H])(n3c4c([H])c([H])c([H])c([H])c4c4c5c(c6c7c([H])c([H])c([H])c([H])c7n2c6c43)C(=O)N([H])C5([H])[H])[C@@]1([H])OC([H])([H])[H],496.52,97.96,2,5,5,3.98
mol_736,PubChem,122173534,-7.618,9,6,[H]c1c([H])c([H])c2c(c1[H])-c1c([H])c([H])c([H])c([H])c1C2([H])C([H])([H])OC(=O)N([H])C([H])([H])C([H])([H])C(=O)N([H])[C@]([H])(C(=O)[O-])C([H])([H])c1c([H])n([H])c2c([H])c([H])c([H])c([H])c12,496.54,123.35,3,5,9,2.87
mol_1320,PubChem,15958161,-7.724,9,28,[H]c1nc2c(C(=O)N([H])[C@]([H])(C(=O)[O-])C([H])([H])c3c([H])n([H])c4c([H])c([H])c([H])c([H])c34)c([H])nn2c(C2([H])C([H])([H])C([H])([H])C([H])([H])C([H])([H])C2([H])[H])c1-c1c([H])oc([H])c1[H],496.55,128.35,2,6,7,3.61
mol_2905,PubChem,139584881,-7.501,9,0,[H]O[C@@]1([H])[C@@]([H])(N(C([H])([H])[H])C([H])([H])[H])[C@@]([H])(OC([H])([H])[H])[C@@]2(C([H])([H])[H])O[C@]1([H])n1c3c([H])c([H])c([H])c([H])c3c3c4c(c5c6c([H])c([H])c([H])c([H])c6n2c5c31)C([H])([H])N([H])C4=O,496.57,80.89,2,5,7,3.67
mol_4303,PubChem,19024859,-7.043,9,0,[H]c1c([H])c(C(=O)c2c([H])n(C([H])([H])C([H])([H])C([H])([H])C(=O)OC([H])([H])C([H])([H])[H])c3c([H])c([H])c([H])c([H])c23)c([H])c(C([H])([H])N([H])c2c([H])c([H])c(C([H])([H])C([H])(C([H])([H])[H])C([H])([H])[H])c([H])c2[H])c1[H],496.65,60.33,1,4,15,7.03
mol_119,PubChem,24899411,-7.612,9,6,[H]Oc1c([O-])c([H])c([H])c2c1c1c3c(c4c5c([H])c([H])c([H])c([H])c5n5c4c1n2[C@]1(C([H])([H])[H])O[C@@]5([H])C([H])([H])[C@@]([H])(N([H])[H])[C@]1([H])OC([H])([H])[H])C(=O)N([H])C3=O,497.49,143.8,3,7,5,2.51
mol_1377,PubChem,5289080,-7.211,9,0,[H]C(=O)[C@@]([H])(N([H])C(=O)c1c([H])nc(C([H])([H])N([H])C(=O)c2c([H])c([H])c(N([H])c3nc4c([H])c([H])c([H])c([H])c4nc3[H])c([H])c2[H])c([H])c1[H])C([H])([H])C(=O)[O-],497.49,166.1,3,9,10,1.14
mol_2624,PubChem,1802905,-7.056,9,0,[H]c1c([H])c([H])c2c(c1[H])c(C([H])([H])[C@]([H])(C(=O)[O-])N([H])C(=O)C([H])([H])c1c(C([H])([H])[H])c3c([H])c4c5c(oc4c([H])c3oc1=O)C([H])([H])C([H])([H])C([H])([H])C5([H])[H])c([H])n2[H],497.53,128.37,2,6,7,3.23
mol_1183,PubChem,3816906,-7.762,9,11,[H]C(=N[C@]([H])(C(=O)OC([H])([H])[H])C([H])([H])c1c([H])n([H])c2c([H])c([H])c([H])c([H])c12)c1c([O-])n(-c2c([H])c([H])c([H])c3c([H])c([H])c([H])c([H])c23)c(=S)n([H])c1=O,497.56,115.3,2,6,7,3.81
mol_147,PubChem,10413540,-8.572,8,25,[H]OC1(c2c([H])c([H])c([H])c(C(F)(F)F)c2[H])C([H])([H])C([H])([H])N(C([H])([H])C([H])([H])C(C(=O)OC([H])([H])[H])(c2c([H])c([H])c([H])c([H])c2[H])c2c([H])c([H])c([H])c([H])c2[H])C([H])([H])C1([H])[H],497.56,49.77,1,4,9,5.54
mol_2868,PubChem,10051624,-7.132,9,0,[H]C(C(=O)N([H])c1c([H])c([H])c([H])c([H])c1OC([H])([H])C([H])([H])C([H])([H])C(=O)[O-])=C(c1c([H])c([H])c2c(c1[H])c([H])c([H])n2C([H])([H])c1c([H])c([H])c(OC([H])([H])[H])c([H])c1[H])C([H])([H])[H],497.57,92.62,1,5,13,4.65
mol_34,PubChem,4836209,-7.89,9,0,[H]c1c([H])c([H])c2c(c1[H])c(=O)oc1c(C([H])([H])[H])c(O[C@@]([H])(C(=O)N([H])[C@@]([H])(C(=O)[O-])C([H])([H])c3c([H])n([H])c4c([H])c([H])c([O-])c([H])c34)C([H])([H])[H])c([H])c([H])c12,498.49,147.52,2,7,9,2.05
mol_1095,PubChem,1589187,-7.45,9,0,[H]c1c([H])c([H])c2c(c1[H])c(C([H])([H])[C@]([H])(C(=O)Oc1c([H])c([H])c3c(oc(=O)c4c([H])c([H])c([H])c([H])c43)c1[H])N([H])C(=O)OC(C([H])([H])[H])(C([H])([H])[H])C([H])([H])[H])c([H])n2[H],498.53,110.63,2,6,5,5.47
mol_444,PubChem,67675729,-7.697,9,11,[H]c1c([H])c([H])c(C([H])([H])[C@]([H])(C(=O)N([H])[C@]([H])(C(=O)[O-])C([H])([H])c2c([H])n([H])c3c([H])c([H])c([H])c([H])c23)N(C(=O)c2c([H])c([H])c([H])c([H])c2OC([H])([H])[H])C([H])([H])[H])c([H])c1[H],498.56,114.56,2,5,12,2.34
mol_50,PubChem,176476412,-7.619,9,0,[H]C1=C2[C@]3(C([H])([H])[H])C([H])([H])C([H])([H])[C@@]([H])(OC(=O)c4c([H])c([H])c([H])c([H])c4[H])C([H])([H])[C@]3([H])C([H])([H])C([H])([H])[C@@]2([H])[C@@]2([H])C([H])([H])C([H])([H])[C@@]([H])(OC(=O)c3c([H])c([H])c([H])c([H])c3[H])[C@@]2(C([H])([H])[H])C1([H])[H],498.66,52.6,0,4,6,7.4
mol_1125,PubChem,4638825,-7.691,9,0,[H]C(=N[C@]([H])(C(=O)OC([H])([H])[H])C([H])([H])c1c([H])n([H])c2c([H])c([H])c([H])c([H])c12)c1c([O-])n(-c2c([H])c([H])c([H])c(C(F)(F)F)c2[H])c(=O)n([H])c1=O,499.42,132.37,2,6,7,2.3
mol_555,PubChem,67675742,-7.621,9,11,[H]Oc1c([H])c([O-])c([H])c(C(=O)N(C([H])([H])[H])[C@]([H])(C(=O)N([H])[C@@]([H])(C(=O)[O-])C([H])([H])c2c([H])n([H])c3c([H])c([H])c([H])c([H])c23)C([H])([H])c2c([H])c([H])c([H])c([H])c2[H])c1[H],499.52,148.62,3,6,11,1.11
mol_445,PubChem,1775862,-7.738,9,11,[H]c1oc2c([H])c3oc(=O)c(C([H])([H])C(=O)N([H])[C@]([H])(C(=O)[O-])C([H])([H])c4c([H])n([H])c5c([H])c([H])c([H])c([H])c45)c(C([H])([H])[H])c3c([H])c2c1C(C([H])([H])[H])(C([H])([H])[H])C([H])([H])[H],499.54,128.37,2,6,7,3.65
mol_145,PubChem,1804332,-7.836,9,6,[H]c1c([H])c([H])c2c(c1[H])c(C([H])([H])[C@@]([H])(C(=O)[O-])N([H])C(=O)C([H])([H])C([H])([H])c1c(C([H])([H])[H])c3c([H])c4c(C([H])([H])[H])c(C([H])([H])[H])oc4c(C([H])([H])[H])c3oc1=O)c([H])n2[H],499.54,128.37,2,6,11,3.66
mol_288,PubChem,131724036,-7.242,9,22,[H]c1c([H])c([H])c(C([H])([H])[H])c(N([H])C(=O)N([H])c2c([H])c([H])c(C([H])([H])C(=O)N3c4c([H])c([H])c([C@]([H])(C([H])([H])[H])C([H])([H])C(=O)OC([H])([H])C([H])([H])[H])c([H])c4C([H])([H])C3([H])[H])c([H])c2[H])c1[H],499.61,87.74,2,4,11,5.83
